"","Sample","O","E","OoverE","Onull","Enull","OoverE.null","BC","BC.null","outlier.05","outlier.01","siteName","daynum","lat","long","elev_sqrt","precip","temp","east","Eco2","Eco3","tot.abund"
"1",108293,8,20.5497800117925,0.389298571342818,9,17.0789473684211,0.526964560862866,0.502688146857342,0.475277497477296,1,1,"PNW-023",209,42.6375,-122.316,35.4,1194,128,0,"WC","Ca",300
"2",108295,10,20.4427004829447,0.489172162373703,10,17.0789473684211,0.585516178736518,0.463121010932609,0.43245869776482,1,0,"PNW-025",210,43.1132,-122.518,28.6,1295,140,0,"WC","Ca",275
"3",108303,11,20.6742684473699,0.532062357031036,9,17.0789473684211,0.526964560862866,0.432935997871833,0.426841574167508,1,1,"PNW-033",229,43.8753,-122.072,30.1,1702,127,0,"WC","Ca",300
"4",108304,11,20.637350175745,0.533014166369491,13,17.0789473684211,0.761171032357473,0.38696864475853,0.340332458442695,1,1,"PNW-034",220,44.153,-122.171,23.7,1600,158,0,"WC","Ca",259
"5",108323,12,20.6380517627149,0.581450232704593,13,17.0789473684211,0.761171032357473,0.354338081275118,0.328083989501312,1,1,"PNW-107",220,44.1617,-122.168,20.9,1448,158,0,"WC","Ca",242
"6",108366,14,20.6854613712238,0.676803855072617,12,17.0789473684211,0.702619414483821,0.324807270434663,0.346606334841629,1,1,"PNW-240",223,44.7074,-121.921,31.8,2007,132,0,"WC","Ca",268
"7",108369,12,20.6475615342507,0.581182430675608,13,17.0789473684211,0.761171032357473,0.371347788003265,0.322834645669291,1,1,"PNW-243",224,44.9504,-122.169,26.1,2210,120,0,"WC","Ca",272
"8",109370,10,19.798514383574,0.505088402405415,8,17.0789473684211,0.468412942989214,0.48717582266609,0.498426023084995,0,0,"PNW-104",207,42.0472,-123.27,31.4,1397,131,0,"WC","KlMts",300
"9",109845,13,15.6396104567994,0.831222749179678,15,17.0789473684211,0.878274268104777,0.250884393858869,0.289581624282198,0,0,"PNW-004",187,43.8856,-123.935,9,2057,165,0,"MWCF","CoRa",300
"10",109907,21,20.4839137779663,1.02519470779011,18,17.0789473684211,1.05392912172573,0.225529698332347,0.243810952738185,1,0,"PNW-233",219,43.9788,-122.555,19.2,1600,160,0,"WC","Ca",300
"11",109909,14,20.6673881168549,0.677395707713185,15,17.0789473684211,0.878274268104777,0.338839703743874,0.294503691550451,1,1,"PNW-235",220,44.1079,-122.018,26.6,1905,139,0,"WC","Ca",300
"12",109910,17,20.6686736632663,0.822500769858953,17,17.0789473684211,0.99537750385208,0.276213867541766,0.26023166023166,1,1,"PNW-236",220,44.0588,-122.01,28.8,1905,131,0,"WC","Ca",300
"13",109913,14,20.6852243194949,0.676811611213982,13,17.0789473684211,0.761171032357473,0.331656540601871,0.328083989501312,1,1,"PNW-239",223,44.4951,-121.923,36.8,2057,116,0,"WC","Ca",300
"14",109915,7,20.6894275765103,0.338337055199509,9,17.0789473684211,0.526964560862866,0.543300261078876,0.487386478304743,1,1,"PNW-241",223,44.7392,-121.886,30.4,2007,132,0,"WC","Ca",300
"15",111019,14,15.6913967451455,0.892208655952263,14,17.0789473684211,0.819722650231125,0.224457018708282,0.307366638441998,0,0,"PNW-418",184,42.0424,-123.982,20.3,2565,164,0,"WC","KlMts",263
"16",111021,14,15.6786412638762,0.892934519284922,15,17.0789473684211,0.878274268104777,0.252849772902538,0.283018867924528,0,0,"PNW-417",185,42.053,-123.971,20.2,2718,167,0,"WC","KlMts",300
"17",111022,4,15.6325150656257,0.25587693235592,5,17.0789473684211,0.292758089368259,0.616703083564847,0.618593563766389,0,0,"PNW-422",186,42.5854,-123.904,32.9,4191,160,0,"WC","KlMts",71
"18",111040,11,21.7367273802563,0.506055939680755,9,17.0789473684211,0.526964560862866,0.451757344671247,0.43087790110999,1,0,"PNW-455",200,42.945,-122.655,27.8,1194,130,0,"WC","Ca",300
"19",111044,5,20.5929424110583,0.242801630781768,5,17.0789473684211,0.292758089368259,0.668633445247599,0.609058402860548,1,1,"PNW-751",202,43.2135,-122.128,39.8,1295,117,0,"WC","Ca",48
"20",111113,14,20.628525715722,0.678671864045521,15,17.0789473684211,0.878274268104777,0.349362677120278,0.294503691550451,1,1,"PNW-479",220,44.0492,-122.207,27.9,1803,148,0,"WC","Ca",300
"21",111116,19,20.5168270038473,0.926069123477871,19,17.0789473684211,1.11248073959938,0.253382218042137,0.231218088986142,1,0,"PNW-822",221,43.0092,-122.518,30.7,1194,126,0,"WC","Ca",300
"22",111121,12,20.6612740984989,0.580796708992493,11,17.0789473684211,0.64406779661017,0.381484222599913,0.370196813495783,1,1,"PNW-824",223,43.3131,-122.087,36.3,1397,122,0,"WC","Ca",232
"23",111137,14,20.6312940828647,0.678580797877709,14,17.0789473684211,0.819722650231125,0.332258265344554,0.295512277730737,1,1,"PNW-495",228,44.4075,-122.284,21.4,2007,138,0,"WC","Ca",300
"24",111138,17,20.6146652893928,0.824655640115938,17,17.0789473684211,0.99537750385208,0.276897072842329,0.252509652509652,1,1,"PNW-494",228,44.3988,-122.346,19.6,2007,151,0,"WC","Ca",300
"25",111140,13,20.6587293455821,0.629273939482637,12,17.0789473684211,0.702619414483821,0.35691421667033,0.357466063348416,1,1,"PNW-493",229,44.8556,-122.167,28.5,2667,124,0,"WC","Ca",300
"26",111145,12,20.6821330358768,0.580210947255,12,17.0789473684211,0.702619414483821,0.364369001642743,0.353846153846154,1,1,"PNW-502",230,45.481,-122.025,21.7,2261,145,0,"WC","Ca",260
"27",111148,16,20.67158299342,0.77400942177931,18,17.0789473684211,1.05392912172573,0.290032980892283,0.248312078019505,1,1,"PNW-496",231,45.1614,-122.112,18.7,1803,147,0,"WC","Ca",300
"28",111149,11,20.6698980424696,0.532174855308854,15,17.0789473684211,0.878274268104777,0.408830322125208,0.310910582444627,1,1,"PNW-499",229,45.2993,-122.101,22.4,2210,133,0,"WC","Ca",300
"29",113045,12,21.772560382554,0.551152450109423,10,17.0789473684211,0.585516178736518,0.431247949096864,0.416909620991254,0,0,"PNW-021",208,42.1461,-122.715,31.1,838,133,0,"WC","KlMts",263
"30",113048,16,20.5659306032601,0.777985704058717,15,17.0789473684211,0.878274268104777,0.285008582193842,0.294503691550451,1,1,"PNW-024",209,42.5597,-122.278,37.9,1346,119,0,"WC","Ca",300
"31",113059,10,20.6349722948401,0.484614171374514,12,17.0789473684211,0.702619414483821,0.44439395884005,0.375565610859729,1,1,"PNW-035",223,44.5187,-122.214,24.7,2311,130,0,"WC","Ca",205
"32",113100,21,21.7855262330164,0.963942746913045,18,17.0789473684211,1.05392912172573,0.266400892987978,0.245311327831958,0,0,"PNW-221",210,43.5473,-122.724,25.8,1702,151,0,"WC","Ca",300
"33",113114,20,20.4903721891153,0.976068165839575,20,17.0789473684211,1.17103235747304,0.23338494409793,0.240596167494677,1,0,"PNW-234",219,43.9735,-122.544,18.5,1549,160,0,"WC","Ca",300
"34",113118,11,20.6745837662101,0.532054242271037,11,17.0789473684211,0.64406779661017,0.399457733361187,0.375820056232427,1,1,"PNW-238",223,44.1268,-122.004,26.4,1854,148,0,"WC","Ca",300
"35",113789,9,20.7333304195567,0.434083662290491,9,17.0789473684211,0.526964560862866,0.484304934697249,0.418768920282543,1,1,"PIBO:0860",201,45.956913,-117.7904,30,940,129,1,"WC","BlMts",166
"36",114305,14,20.7328934594128,0.675255483630721,15,17.0789473684211,0.878274268104777,0.312862791669841,0.292863002461034,1,1,"PIBO:1060",235,44.4023,-120.1708,38.5,584,121,1,"WC","BlMts",300
"37",114320,13,20.733332630496,0.627009667557195,13,17.0789473684211,0.761171032357473,0.324110687122892,0.340332458442695,1,1,"PIBO:1749",221,45.0412,-117.4404,38.1,1092,100,1,"WC","BlMts",300
"38",117774,5,20.7333305981516,0.241157588084076,4,17.0789473684211,0.234206471494607,0.689119194881882,0.692883895131086,1,1,"PIBO:0932",234,44.958861,-118.12664,40,686,117,1,"WC","BlMts",66
"39",119633,14,20.7333328738536,0.675241172520561,12,17.0789473684211,0.702619414483821,0.32437620374974,0.33393665158371,1,1,"PIBO:0901",229,45.229408,-117.35795,45.6,1549,75,1,"WC","BlMts",300
"40",121254,13,20.7333206169403,0.627010030866848,13,17.0789473684211,0.761171032357473,0.351778914391992,0.343832020997375,1,1,"ES-REF-001",180,42.2351,-118.15,38.4,330,146,1,"CD","NBR",300
"41",121257,11,20.5894721456882,0.534253618653532,9,17.0789473684211,0.526964560862866,0.428880928463472,0.455095862764884,1,1,"ES-REF-004",184,43.2138,-121.937,41.3,991,120,1,"WC","ECa",300
"42",121258,14,20.5074363715952,0.682679187506408,15,17.0789473684211,0.878274268104777,0.300499989723792,0.291222313371616,1,1,"ES-REF-005",185,42.5601,-122.13,38.6,1346,125,0,"WC","Ca",300
"43",121259,13,20.7053760903558,0.627856260290541,15,17.0789473684211,0.878274268104777,0.327802779936535,0.278096800656276,1,1,"ES-REF-006",186,43.0018,-121.298,42.1,991,117,1,"WC","ECa",300
"44",121261,13,20.7265558020525,0.627214676869403,12,17.0789473684211,0.702619414483821,0.367677146501446,0.357466063348416,1,1,"ES-REF-008",188,42.4886,-120.751,42.2,737,122,1,"WC","ECa",300
"45",121262,13,20.7328590038449,0.627023991123905,13,17.0789473684211,0.761171032357473,0.359683328010328,0.326334208223972,1,1,"ES-REF-009",189,42.4919,-119.697,43,483,128,1,"CD","NBR",300
"46",121271,13,20.7333282110582,0.627009801208201,13,17.0789473684211,0.761171032357473,0.343873486848592,0.31758530183727,1,1,"ES-REF-018",205,45.9891,-118.06,26.9,1041,135,1,"WC","BlMts",300
"47",121276,12,20.7333318750047,0.578778175757981,14,17.0789473684211,0.819722650231125,0.372708773181561,0.312447078746825,1,1,"ES-REF-023",210,45.1567,-117.612,36.2,1041,94,1,"WC","BlMts",300
"48",121277,9,20.733333009274,0.434083608070845,8,17.0789473684211,0.468412942989214,0.452914800807062,0.450157397691501,1,1,"ES-REF-024",211,45.1104,-117.021,37.3,1295,105,1,"WC","BlMts",300
"49",121279,10,20.7333100807914,0.482315653459725,11,17.0789473684211,0.64406779661017,0.462038971797062,0.390815370196814,1,1,"ES-REF-026",215,44.2587,-118.775,40,686,113,1,"WC","BlMts",300
"50",121281,15,20.7333263588742,0.723472912178404,14,17.0789473684211,0.819722650231125,0.287313509826114,0.295512277730737,1,1,"ES-REF-028",217,44.2518,-118.315,39.6,737,118,1,"WC","BlMts",300
"51",121282,14,20.7074939428145,0.676083742371828,14,17.0789473684211,0.819722650231125,0.339558991368416,0.331075359864522,1,1,"ES-REF-029",224,44.5869,-121.683,31.1,737,130,1,"WC","ECa",300
"52",121284,14,20.7219322309706,0.675612671827769,13,17.0789473684211,0.761171032357473,0.316939447396045,0.336832895888014,1,1,"ES-REF-031",226,45.3117,-121.376,28.4,584,138,1,"WC","ECa",300
"53",151721,21,19.6180719338589,1.07044158420869,18,17.0789473684211,1.05392912172573,0.221864506953063,0.251312828207052,0,0,"33419BLY",262,43.88704,-123.9703,11,2108,165,0,"MWCF","CoRa",300
"54",154173,10,20.7333263973024,0.482315273891656,11,17.0789473684211,0.64406779661017,0.431670188659876,0.385192127460169,1,1,"PIBO:0927",201,44.840833,-118.13749,44.4,889,111,1,"WC","BlMts",300
"55",156883,9,20.7333326471457,0.434083615652546,11,17.0789473684211,0.64406779661017,0.452914792723822,0.370196813495783,1,1,"PIBO:1432",225,45.0716,-117.47463,40.5,1194,93,1,"WC","BlMts",300
"56",173806,17,15.3822990679421,1.10516639449751,18,17.0789473684211,1.05392912172573,0.177003481642796,0.258814703675919,0,0,"11850-ORDEQ",208,44.18771584,-124.09122,7.4,2108,161,0,"MWCF","CoRa",285
"57",173934,11,14.8512504388335,0.740678372188572,14,17.0789473684211,0.819722650231125,0.331693107524481,0.334462320067739,0,0,"12092-ORDEQ",226,42.45842568,-124.04997,19.3,2515,187,0,"WC","KlMts",222
"58",173939,12,20.7333137094093,0.578778682857341,11,17.0789473684211,0.64406779661017,0.389002241322133,0.387066541705717,1,1,"12181-ORDEQ",199,45.09122399,-118.5318,38.1,737,118,1,"WC","BlMts",280
"59",174027,12,20.7333283899253,0.578778273045201,12,17.0789473684211,0.702619414483821,0.39714879907399,0.395475113122172,1,1,"12265-ORDEQ",280,42.80099163,-118.8674885,36,330,155,1,"CD","NBR",300
"60",174054,19,18.4098753973178,1.03205478526857,16,17.0789473684211,0.936825885978428,0.27632298725493,0.293556085918854,0,0,"12521-ORDEQ",240,43.96318479,-123.9711468,9,2261,165,0,"MWCF","CoRa",216
"61",174057,15,20.6397109123256,0.726754365103161,16,17.0789473684211,0.936825885978428,0.308534620580418,0.26491646778043,1,1,"12889-ORDEQ",179,44.51047085,-121.7078969,30.9,584,142,1,"WC","ECa",300
"62",174078,10,20.7333294182801,0.482315203615259,11,17.0789473684211,0.64406779661017,0.440347139810565,0.43767572633552,1,1,"13014-ORDEQ",279,42.63878766,-118.763194,39.4,533,128,1,"CD","NBR",300
"63",174169,18,20.6770607378514,0.870529918551201,18,17.0789473684211,1.05392912172573,0.273960910765936,0.263315828957239,1,1,"13231-ORDEQ",217,45.26243472,-121.92068,22.9,2007,125,0,"WC","Ca",232
"64",174170,17,20.5766919282187,0.826177505077302,18,17.0789473684211,1.05392912172573,0.281142101825509,0.254313578394599,1,0,"13244-ORDEQ",252,43.49047317,-122.72469,25.6,1651,157,0,"WC","Ca",300
"65",174172,14,20.7333302869042,0.675241256772089,13,17.0789473684211,0.761171032357473,0.320537515653971,0.343832020997375,1,1,"13269-ORDEQ",239,42.16686007,-118.2245519,40.7,432,142,1,"CD","NBR",300
"66",174173,11,20.73333021859,0.530546703497595,9,17.0789473684211,0.526964560862866,0.432773217157764,0.481331987891019,1,1,"13270-ORDEQ",239,42.2341422,-118.2334271,38.1,229,154,1,"CD","NBR",252
"67",174306,6,19.5774268070242,0.306475414728521,7,17.0789473684211,0.409861325115562,0.603895609414335,0.519125683060109,0,0,"21814-ORDEQ",256,42.17347778,-123.91227,25.5,3429,166,0,"WC","KlMts",223
"68",174313,8,20.6858611374511,0.386737585969591,9,17.0789473684211,0.526964560862866,0.508350666803481,0.459132189707366,1,1,"21821-ORDEQ",225,45.26878201,-121.93954,22.5,2057,132,0,"WC","Ca",277
"69",174363,15,18.8342162406444,0.796422840661131,13,17.0789473684211,0.761171032357473,0.314313350785066,0.336832895888014,0,0,"21842-ORDEQ",243,44.54013633,-123.85332,13.4,2261,165,0,"MWCF","CoRa",300
"70",174379,14,17.7173339159393,0.79018660857348,14,17.0789473684211,0.819722650231125,0.353231442986321,0.325994919559695,0,0,"21848-ORDEQ",237,42.04548588,-123.9799202,19.6,2616,164,0,"WC","KlMts",162
"71",174384,11,15.9311261342971,0.690472218176643,12,17.0789473684211,0.702619414483821,0.373912152636457,0.37737556561086,0,0,"21851-ORDEQ",222,42.38052777,-123.8139835,17.4,2261,172,0,"WC","KlMts",118
"72",174387,11,20.5940394878833,0.534135131986706,11,17.0789473684211,0.64406779661017,0.402207050971619,0.403936269915651,1,1,"21855-ORDEQ",208,44.51911383,-122.1913,25.2,2261,130,0,"WC","Ca",286
"73",174393,14,20.7192294795573,0.675700803150675,13,17.0789473684211,0.761171032357473,0.343414638879312,0.349081364829396,1,1,"21864-ORDEQ",265,44.73862314,-121.88874,30.4,2007,132,0,"WC","Ca",300
"74",174394,13,20.7136311207736,0.627606039916505,12,17.0789473684211,0.702619414483821,0.368088961815302,0.370135746606335,1,1,"21865-ORDEQ",251,45.59506025,-121.86972,16.2,2362,129,0,"WC","Ca",266
"75",174399,13,20.6927936489887,0.628238033999597,12,17.0789473684211,0.702619414483821,0.332529851646493,0.364705882352941,1,1,"21868-ORDEQ",243,44.847575,-122.073,29.3,2108,129,0,"WC","Ca",282
"76",174408,7,20.7276380703652,0.337713345642023,7,17.0789473684211,0.409861325115562,0.552900368260099,0.530054644808743,1,1,"21876-ORDEQ",271,45.3975252,-121.59067,33.3,2159,100,0,"WC","Ca",278
"77",174411,14,20.5979823945723,0.679678219537126,13,17.0789473684211,0.761171032357473,0.342084305293948,0.377077865266842,1,0,"21878-ORDEQ",257,43.54217608,-122.7188969,28.1,1753,151,0,"WC","Ca",69
"78",174415,18,21.3246987122351,0.84409164429003,19,17.0789473684211,1.11248073959938,0.31004343227383,0.24872355944566,1,1,"21881-ORDEQ",194,43.73890061,-122.48579,19.1,1245,160,0,"WC","Ca",271
"79",174420,11,20.6699167677318,0.53217437320175,11,17.0789473684211,0.64406779661017,0.399243721405232,0.372071227741331,1,1,"21884-ORDEQ",229,43.69975913,-122.10088,33,1702,114,0,"WC","Ca",274
"80",174426,13,20.6839900525155,0.628505426999032,14,17.0789473684211,0.819722650231125,0.364412750907908,0.334462320067739,1,1,"22946-ORDEQ",234,44.93055077,-122.05389,27.6,2108,127,0,"WC","Ca",300
"81",174429,12,20.7333186734167,0.578778544285138,11,17.0789473684211,0.64406779661017,0.413442183010503,0.424554826616682,1,1,"23034-ORDEQ",236,42.84442928,-118.8204653,37,330,163,1,"CD","NBR",273
"82",174440,9,20.7333220120086,0.434083838315311,11,17.0789473684211,0.64406779661017,0.506726382901269,0.432052483598875,1,1,"23049-ORDEQ",237,42.66783068,-118.7279966,40.3,635,128,1,"CD","NBR",191
"83",174442,8,20.7333203804295,0.385852331088817,10,17.0789473684211,0.585516178736518,0.526682168065539,0.465500485908649,1,1,"23050-ORDEQ",238,42.67370622,-118.7928333,38.6,432,133,1,"CD","NBR",226
"84",174511,16,19.7182367532153,0.811431579823737,13,17.0789473684211,0.761171032357473,0.340770084803102,0.349081364829396,0,0,"23844-ORDEQ",193,41.97522828,-123.0660325,32.3,1361,125,0,"WC","KlMts",300
"85",174530,15,20.5507366922224,0.729900841251927,15,17.0789473684211,0.878274268104777,0.326199039148386,0.301066447908121,1,1,"23856-ORDEQ",194,44.02309197,-122.1461,31.1,1854,143,0,"WC","Ca",300
"86",174547,14,20.713045699666,0.675902530366441,15,17.0789473684211,0.878274268104777,0.339943740509621,0.312551271534044,1,1,"23901-ORDEQ",251,45.2334662,-121.8815,26.9,1956,115,0,"WC","Ca",300
"87",174549,12,20.6722623008539,0.580487990397853,13,17.0789473684211,0.761171032357473,0.393542622871705,0.349081364829396,1,1,"23903-ORDEQ",235,44.01672239,-122.1513791,27.6,1854,143,0,"WC","Ca",223
"88",174571,14,20.6833831065145,0.676871860270796,13,17.0789473684211,0.761171032357473,0.354483809743769,0.340332458442695,1,1,"23925-ORDEQ",241,43.862857,-122.13559,29,1651,137,0,"WC","Ca",300
"89",174572,14,20.6653310975281,0.677463135428526,14,17.0789473684211,0.819722650231125,0.321912639081652,0.334462320067739,1,1,"23926-ORDEQ",235,44.04193274,-122.1951,24.4,1803,148,0,"WC","Ca",300
"90",174575,11,20.7225775455817,0.53082199720591,9,17.0789473684211,0.526964560862866,0.411645996446581,0.426841574167508,1,1,"24040-ORDEQ",250,45.34399373,-121.6155788,39.3,2108,86,0,"WC","Ca",300
"91",174578,10,20.7333330301448,0.482315119593203,10,17.0789473684211,0.585516178736518,0.422993493644645,0.414965986394558,1,1,"24043-ORDEQ",229,45.02463817,-117.1915688,40.1,1346,96,1,"WC","BlMts",300
"92",174579,14,20.7208589733757,0.675647665861182,13,17.0789473684211,0.761171032357473,0.343689217074363,0.338582677165354,1,1,"24044-ORDEQ",257,44.79537933,-121.75178,37.8,2210,112,0,"WC","Ca",300
"93",174580,17,20.7333091141556,0.819936649108913,16,17.0789473684211,0.936825885978428,0.261484862778748,0.280827366746221,1,1,"24046-ORDEQ",223,44.26580281,-118.87895,37.1,483,120,1,"WC","BlMts",300
"94",174586,16,20.7333328611589,0.771704197638857,14,17.0789473684211,0.819722650231125,0.277676961912683,0.320914479254869,1,1,"24056-ORDEQ",257,45.40608205,-117.67563,32.1,889,105,1,"WC","BlMts",300
"95",174591,14,20.7333329309538,0.675241170660928,12,17.0789473684211,0.702619414483821,0.355086384749332,0.382805429864253,1,1,"24062-ORDEQ",256,45.97780101,-117.60066,25.1,635,131,1,"WC","BlMts",300
"96",174596,20,20.7333272497995,0.964630508120371,18,17.0789473684211,1.05392912172573,0.230769311462148,0.248312078019505,1,1,"24068-ORDEQ",221,45.59192523,-118.304129,27.9,838,135,1,"WC","BlMts",300
"97",174605,13,20.6617478097981,0.629182009173262,11,17.0789473684211,0.64406779661017,0.335039442504746,0.370196813495783,1,1,"24412-ORDEQ",234,43.55436247,-122.20504,37.2,1651,131,0,"WC","Ca",300
"98",174618,11,20.7252728751739,0.530752963603992,10,17.0789473684211,0.585516178736518,0.390722502859377,0.397473275024295,1,1,"24419-ORDEQ",228,42.94310673,-121.2588,43.8,1041,115,1,"WC","ECa",300
"99",174628,10,20.733329501461,0.482315201680239,9,17.0789473684211,0.526964560862866,0.470715807740985,0.467204843592331,1,1,"24422-ORDEQ",237,42.04382158,-118.29444,45,533,119,1,"CD","NBR",300
"100",174636,10,20.7333081440068,0.482315698514838,10,17.0789473684211,0.585516178736518,0.436008214536669,0.385811467444121,1,1,"24426-ORDEQ",200,44.33312788,-118.6426763,41.5,787,129,1,"WC","BlMts",300
"101",174686,10,20.6514413982089,0.484227701455613,10,17.0789473684211,0.585516178736518,0.46666942221235,0.438289601554908,1,1,"24452-ORDEQ",234,44.393335,-122.259898,24.4,2057,134,0,"WC","Ca",94
"102",174687,14,20.6763009660698,0.677103705492306,15,17.0789473684211,0.878274268104777,0.321397507447765,0.319114027891715,1,1,"24453-ORDEQ",242,44.83197239,-122.2003459,26.7,2464,128,0,"WC","Ca",300
"103",174688,6,20.7207188094207,0.289565244101092,5,17.0789473684211,0.292758089368259,0.571111488262486,0.573301549463647,1,1,"24454-ORDEQ",249,45.43396353,-121.6686134,33,2616,108,0,"WC","Ca",47
"104",174740,14,20.6912549381853,0.676614349483619,12,17.0789473684211,0.702619414483821,0.396740824099439,0.375565610859729,1,1,"25273-ORDEQ",255,44.54205067,-122.2195875,32.4,2667,130,0,"WC","Ca",145
"105",174749,15,20.6423815542514,0.726660340066753,13,17.0789473684211,0.761171032357473,0.324667915679308,0.347331583552056,1,1,"25284-ORDEQ",219,43.79795482,-122.1379974,33.9,1702,124,0,"WC","Ca",279
"106",174791,14,20.5817884500093,0.68021299674731,13,17.0789473684211,0.761171032357473,0.338739532605158,0.338582677165354,1,1,"25374-ORDEQ",213,44.86288322,-122.28132,27.3,2464,130,0,"WC","Ca",300
"107",174808,21,20.1984139875982,1.03968559179419,18,17.0789473684211,1.05392912172573,0.218414419034478,0.231807951987997,0,0,"25386-ORDEQ",249,45.6902163,-123.71855,11.3,3683,149,0,"MWCF","CoRa",300
"108",174848,18,20.7333051916202,0.868168380952356,16,17.0789473684211,0.936825885978428,0.256455258615346,0.271280827366746,1,1,"25417-ORDEQ",198,45.05123042,-118.66512,37.7,737,116,1,"WC","BlMts",300
"109",174856,13,20.7333251339068,0.627009894266313,11,17.0789473684211,0.64406779661017,0.35968391661705,0.364573570759138,1,1,"25425-ORDEQ",211,44.9078217,-118.31402,41.3,838,108,1,"WC","BlMts",300
"110",174900,14,20.7039985857842,0.67619788235557,13,17.0789473684211,0.761171032357473,0.320426031664034,0.319335083114611,1,1,"26806-ORDEQ",247,43.95505179,-121.9862,31,1803,125,0,"WC","Ca",300
"111",174932,12,20.583366940643,0.582994999535539,12,17.0789473684211,0.702619414483821,0.367931359522762,0.359276018099548,1,1,"26854-ORDEQ",225,43.09823753,-122.40954,38.9,1448,114,0,"WC","Ca",300
"112",174944,12,20.7331461852395,0.578783359398832,12,17.0789473684211,0.702619414483821,0.417513237877125,0.357466063348416,1,1,"26886-ORDEQ",197,44.35125601,-119.4124279,40.5,533,131,1,"WC","BlMts",300
"113",174961,11,20.733311660081,0.530547178393065,11,17.0789473684211,0.64406779661017,0.449579764973838,0.370196813495783,1,1,"26902-ORDEQ",197,44.95524401,-118.54964,40.9,787,113,1,"WC","BlMts",300
"114",174963,9,20.7333126327047,0.434084034685485,9,17.0789473684211,0.526964560862866,0.497757837684411,0.477295660948537,1,1,"26906-ORDEQ",204,44.96195907,-118.6079578,40.5,737,120,1,"WC","BlMts",300
"115",174975,14,20.698790127404,0.676368034741548,15,17.0789473684211,0.878274268104777,0.350981309226325,0.281378178835111,1,1,"26929-ORDEQ",192,45.30121625,-121.44904,35,940,120,1,"WC","ECa",300
"116",174983,18,20.7331016685327,0.868176903184689,16,17.0789473684211,0.936825885978428,0.253017976058578,0.271280827366746,1,1,"26936-ORDEQ",211,44.34524691,-119.6512194,35.2,533,125,1,"WC","BlMts",300
"117",175000,16,20.6392199934978,0.775223094915441,17,17.0789473684211,0.99537750385208,0.274323566973841,0.254054054054054,1,1,"26950-ORDEQ",212,44.54930084,-122.0749377,34.7,2210,131,0,"WC","Ca",300
"118",175002,12,20.693964475087,0.579879221037927,11,17.0789473684211,0.64406779661017,0.372483963011308,0.375820056232427,1,1,"26952-ORDEQ",248,43.9513024,-122.11595,30,1803,134,0,"WC","Ca",300
"119",175008,15,20.7333330211558,0.72347267970347,12,17.0789473684211,0.702619414483821,0.31343284043121,0.341176470588235,1,1,"26958-ORDEQ",253,45.2714356,-117.46621,40.6,1549,84,1,"WC","BlMts",300
"120",175018,9,20.7333331343081,0.434083605453067,8,17.0789473684211,0.468412942989214,0.443946187567168,0.448058761804827,1,1,"26966-ORDEQ",256,45.15879612,-117.31893,46.1,1753,77,1,"WC","BlMts",300
"121",175045,20,20.2517817667025,0.987567426431757,19,17.0789473684211,1.11248073959938,0.271621025882816,0.24872355944566,0,0,"29027-ORDEQ",220,45.59741,-123.26862,13.6,1651,153,0,"MWCF","WV",300
"122",175080,13,20.6715732681905,0.62888295106229,13,17.0789473684211,0.761171032357473,0.370870152636619,0.342082239720035,1,1,"29879-ORDEQ",238,43.61980466,-122.18884,38.3,1600,137,0,"WC","Ca",300
"123",175141,7,20.7116968384216,0.33797327445497,7,17.0789473684211,0.409861325115562,0.514118350061341,0.475409836065574,1,1,"30343-ORDEQ",226,45.38725893,-121.63345,40.8,3175,100,0,"WC","Ca",300
"124",175154,17,20.7001654571659,0.821249474318333,14,17.0789473684211,0.819722650231125,0.289892436972336,0.31922099915326,1,1,"30354-ORDEQ",239,45.41097041,-121.9480751,29.9,2769,120,0,"WC","Ca",300
"125",175163,12,20.7333128579115,0.578778706627242,14,17.0789473684211,0.819722650231125,0.384928577904345,0.305673158340389,1,1,"30379-ORDEQ",204,45.01549922,-118.60358,39.5,787,117,1,"WC","BlMts",300
"126",175166,13,20.7333075299575,0.627010426639181,13,17.0789473684211,0.761171032357473,0.363636769277236,0.363079615048119,1,1,"30382-ORDEQ",204,44.78450285,-118.69614,42.8,838,110,1,"WC","BlMts",300
"127",175167,14,20.733307760827,0.675241990400164,14,17.0789473684211,0.819722650231125,0.332054364169384,0.325994919559695,1,1,"30383-ORDEQ",205,44.71657046,-118.7034993,37.8,635,127,1,"WC","BlMts",300
"128",175173,20,20.7333066428503,0.964631466872015,17,17.0789473684211,0.99537750385208,0.240589488292022,0.255598455598456,1,1,"30389-ORDEQ",209,44.23681171,-118.7644486,39.2,686,121,1,"WC","BlMts",300
"129",175178,11,20.7333123268973,0.530547161329824,10,17.0789473684211,0.585516178736518,0.411764710517984,0.416909620991254,1,1,"30392-ORDEQ",211,44.30067471,-118.69052,44.4,1092,118,1,"WC","BlMts",300
"130",175182,14,20.733328028,0.675241330339888,11,17.0789473684211,0.64406779661017,0.351247605322454,0.377694470477976,1,1,"30396-ORDEQ",239,44.37477823,-118.4465628,40.6,787,126,1,"WC","BlMts",300
"131",175228,23,21.1307609560915,1.08846056456711,21,17.0789473684211,1.22958397534669,0.228076183430234,0.216309606081548,0,0,"30621-ORDEQ",266,46.0577306,-123.53713,17.8,2972,141,0,"MWCF","CoRa",300
"132",175234,15,20.7162862881892,0.724068000959796,13,17.0789473684211,0.761171032357473,0.309798176723195,0.343832020997375,1,1,"30623-ORDEQ",272,44.87841793,-122.0416,29.1,1956,122,0,"WC","Ca",300
"133",175236,14,20.6685645399636,0.677357151384673,16,17.0789473684211,0.936825885978428,0.323960552467634,0.296738265712013,1,1,"30624-ORDEQ",232,44.8884264,-122.14237,30.4,2565,123,0,"WC","Ca",300
"134",175237,12,20.6606015345839,0.58081561564958,12,17.0789473684211,0.702619414483821,0.408452165181816,0.34841628959276,1,1,"30625-ORDEQ",230,44.91698913,-122.16762,28.9,2311,123,0,"WC","Ca",300
"135",175239,15,20.7048737645494,0.724467107144733,18,17.0789473684211,1.05392912172573,0.291428559984441,0.258814703675919,1,1,"30628-ORDEQ",245,45.62197045,-121.95207,7.2,1905,147,0,"WC","Ca",300
"136",175241,19,20.6527739081174,0.919973272574886,16,17.0789473684211,0.936825885978428,0.24047506591687,0.290373906125696,1,1,"30629-ORDEQ",196,45.67850558,-121.83534,13.3,2362,156,0,"WC","Ca",300
"137",175243,21,20.9019020384922,1.00469325525147,17,17.0789473684211,0.99537750385208,0.25610356129418,0.264864864864865,0,0,"30727-ORDEQ",245,45.4746125,-123.48771,18.1,2515,132,0,"MWCF","CoRa",300
"138",175247,13,20.5108786686232,0.633809999563155,13,17.0789473684211,0.761171032357473,0.337448571042881,0.350831146106737,1,1,"31354-ORDEQ",189,44.88191461,-122.1696426,30.3,2515,124,0,"WC","Ca",300
"139",175268,15,20.5879828571617,0.728580361858136,15,17.0789473684211,0.878274268104777,0.308845813596733,0.314191960623462,1,1,"31387-ORDEQ",190,44.88990732,-122.00845,26.8,1905,122,0,"WC","Ca",300
"140",175283,12,19.5459144825223,0.613939041364898,12,17.0789473684211,0.702619414483821,0.440431604480211,0.384615384615385,0,0,"31467-ORDEQ",261,42.27821899,-124.0412921,12,2565,173,0,"WC","KlMts",300
"141",175284,13,20.6673962136623,0.6290100535938,12,17.0789473684211,0.702619414483821,0.371526378729945,0.382805429864253,1,1,"31477-ORDEQ",197,45.68637773,-121.76515,11.4,1803,153,0,"WC","Ca",300
"142",175289,7,20.6937942714951,0.338265661104122,6,17.0789473684211,0.351309707241911,0.524072790147886,0.534777651083238,1,1,"31480-ORDEQ",217,45.3718058,-121.77785,32.7,2565,77,0,"WC","Ca",300
"143",175292,12,20.6834323145102,0.580174499934499,13,17.0789473684211,0.761171032357473,0.38513511658519,0.352580927384077,1,1,"31485-ORDEQ",215,45.3761635,-121.8500427,26.7,2565,122,0,"WC","Ca",300
"144",175293,10,20.7332963565844,0.482315972723953,11,17.0789473684211,0.64406779661017,0.436009000848273,0.424554826616682,1,1,"31488-ORDEQ",182,42.59080422,-118.5990926,44.1,991,123,1,"CD","NBR",300
"145",175294,9,20.733296814237,0.434084365869876,8,17.0789473684211,0.468412942989214,0.48430466488962,0.469045120671564,1,1,"31489-ORDEQ",182,42.60174607,-118.5941084,45.4,1092,123,1,"CD","NBR",300
"146",175295,6,20.7333015921642,0.289389510557624,7,17.0789473684211,0.409861325115562,0.576059771063836,0.514754098360656,1,1,"31490-ORDEQ",180,42.67780567,-118.5160785,39.6,635,118,1,"CD","NBR",300
"147",175297,8,20.7326140278082,0.385865476937437,8,17.0789473684211,0.468412942989214,0.512765214705256,0.483735571878279,1,1,"31495-ORDEQ",176,42.38239777,-119.7212333,42.3,381,131,1,"CD","NBR",300
"148",175303,10,20.7324913716054,0.482334699711763,10,17.0789473684211,0.585516178736518,0.45336130444309,0.440233236151603,1,1,"31497-ORDEQ",176,42.47804568,-119.7842574,39.6,381,141,1,"CD","NBR",300
"149",175320,18,20.6183564288534,0.873008479706498,16,17.0789473684211,0.936825885978428,0.242753240080188,0.293556085918854,1,1,"31729-ORDEQ",244,43.33036307,-122.5088,26.6,1245,154,0,"WC","Ca",300
"150",175322,11,20.6987272238835,0.531433642321133,11,17.0789473684211,0.64406779661017,0.41913242827979,0.370196813495783,1,1,"31730-ORDEQ",245,43.64372,-122.03097,38.4,1753,112,0,"WC","Ca",300
"151",175323,12,20.7241377636762,0.579034946439738,12,17.0789473684211,0.702619414483821,0.396992656557907,0.359276018099548,1,1,"31803-ORDEQ",273,45.39128477,-121.8046895,29.4,2667,113,0,"WC","Ca",300
"152",175330,17,20.4724753622604,0.830383219380414,18,17.0789473684211,1.05392912172573,0.29824342594718,0.26781695423856,1,0,"32149-ORDEQ",215,43.30386431,-122.5290712,22.4,1194,163,0,"WC","Ca",300
"153",175336,14,20.7332914240644,0.67524252245597,13,17.0789473684211,0.761171032357473,0.328214663382839,0.322834645669291,1,1,"32481-ORDEQ",194,44.81401,-118.78068,42.6,686,126,1,"WC","BlMts",300
"154",175343,12,15.7297657628194,0.762884850349427,13,17.0789473684211,0.761171032357473,0.326245947787179,0.349081364829396,0,0,"32485-ORDEQ",194,42.71660076,-124.3069243,12.3,3175,167,0,"MWCF","CoRa",300
"155",175345,13,15.7472214072187,0.825542466434154,15,17.0789473684211,0.878274268104777,0.27625717390452,0.320754716981132,0,0,"32486-ORDEQ",194,42.74012054,-124.3988001,8.3,2921,168,0,"MWCF","CoRa",300
"156",175346,13,15.7322579213789,0.826327667965193,15,17.0789473684211,0.878274268104777,0.241251594683772,0.309269893355209,0,0,"32487-ORDEQ",194,42.7126858,-124.318103,12.9,3175,171,0,"MWCF","CoRa",300
"157",175348,11,15.5174245564325,0.70888052073307,12,17.0789473684211,0.702619414483821,0.330988135688678,0.368325791855204,0,0,"32488-ORDEQ",209,42.1759959,-123.9169732,25.2,3429,166,0,"WC","KlMts",225
"158",175350,10,14.8926892665246,0.671470398733003,12,17.0789473684211,0.702619414483821,0.380840570191306,0.399095022624434,0,0,"32490-ORDEQ",210,42.18128,-123.85444,26.4,3683,168,0,"WC","KlMts",271
"159",175367,11,20.915296819883,0.525930857913663,8,17.0789473684211,0.468412942989214,0.493828785290691,0.500524658971668,1,0,"32555-ORDEQ",213,43.23081553,-122.5928591,39.1,1346,143,0,"WC","Ca",300
"160",175372,19,20.2681817094114,0.937429922052526,19,17.0789473684211,1.11248073959938,0.277223010547706,0.25164113785558,0,0,"32576-ORDEQ",250,42.65687187,-123.67716,15.5,1295,158,0,"WC","KlMts",300
"161",175373,19,20.2884101870337,0.936495261326237,18,17.0789473684211,1.05392912172573,0.273037519359617,0.264816204051013,0,0,"32577-ORDEQ",250,42.659685,-123.6597058,15.5,1092,158,0,"WC","KlMts",300
"162",175380,20,20.2675365288024,0.986799750999721,16,17.0789473684211,0.936825885978428,0.261770405659549,0.290373906125696,0,0,"32585-ORDEQ",258,42.347328,-123.78397,17.8,1905,172,0,"WC","KlMts",300
"163",175510,23,19.367579252245,1.18755161398573,22,17.0789473684211,1.28813559322034,0.21026455732189,0.208080808080808,0,0,"33342-ORDEQ",249,44.4755002,-123.9456124,9,2108,166,0,"MWCF","CoRa",300
"164",175787,19,20.9707450597866,0.906024080013939,16,17.0789473684211,0.936825885978428,0.28043190551308,0.293556085918854,0,0,"34468-ORDEQ",267,45.23585978,-123.6912087,16.8,3175,155,0,"MWCF","CoRa",300
"165",175788,17,15.3507549238419,1.10743739212438,20,17.0789473684211,1.17103235747304,0.221228135585869,0.227821149751597,0,0,"34470-ORDEQ",212,42.80537372,-123.8467978,25.6,3175,153,0,"MWCF","CoRa",300
"166",175793,15,21.0948170230093,0.711075141521192,13,17.0789473684211,0.761171032357473,0.39020217113269,0.389326334208224,0,0,"34477-ORDEQ",233,41.96302653,-123.1884554,29,1298,164,0,"WC","KlMts",300
"167",175805,16,19.3492155131714,0.826906909435605,16,17.0789473684211,0.936825885978428,0.337559487853493,0.298329355608592,0,0,"34614-ORDEQ",239,45.17346493,-123.7771292,12,2972,154,0,"MWCF","CoRa",300
"168",175844,13,18.5005035409846,0.702683576757831,14,17.0789473684211,0.819722650231125,0.400061418354427,0.342929720575783,0,0,"34636-ORDEQ",228,45.60330054,-123.7276904,12.5,3683,153,0,"MWCF","CoRa",300
"169",175864,18,20.8873263145185,0.861766591327128,16,17.0789473684211,0.936825885978428,0.315306407541479,0.306284805091488,0,0,"34643-ORDEQ",261,44.13854378,-123.7049528,10.9,2057,172,0,"MWCF","CoRa",300
"170",175894,24,20.1393056857639,1.19169947437489,19,17.0789473684211,1.11248073959938,0.229306689015153,0.238512035010941,0,0,"34661-ORDEQ",255,44.38244233,-123.8445889,8.1,2057,174,0,"MWCF","CoRa",300
"171",175958,5,15.4145147298197,0.324369601485241,6,17.0789473684211,0.351309707241911,0.668571280149874,0.655644241733181,0,0,"34698-ORDEQ",235,42.7061,-124.0645,19.9,2769,175,0,"MWCF","CoRa",33
"172",176001,9,20.6370890229953,0.436108018430873,9,17.0789473684211,0.526964560862866,0.472173015285823,0.463168516649849,1,1,"35633-ORDEQ",175,44.16558143,-121.674423,37.9,991,96,1,"WC","ECa",278
"173",176007,20,15.3782028749167,1.30054208301686,23,17.0789473684211,1.34668721109399,0.160783670409926,0.176625082074852,0,0,"35694-ORDEQ",230,42.65874147,-124.0041959,10.5,2159,186,0,"WC","KlMts",300
"174",176008,15,20.7161700805287,0.72407206262989,16,17.0789473684211,0.936825885978428,0.328178490640802,0.274463007159905,1,1,"35720-ORDEQ",253,45.31603343,-121.8361535,27.9,2311,110,0,"WC","Ca",300
"175",176014,13,20.9184181546933,0.621461905191109,13,17.0789473684211,0.761171032357473,0.369404940464381,0.352580927384077,1,0,"35722-ORDEQ",210,43.0886944,-122.55415,26.8,1245,140,0,"WC","Ca",300
"176",176019,14,19.5604789576727,0.715728895508891,15,17.0789473684211,0.878274268104777,0.379553101622596,0.317473338802297,0,0,"35745-ORDEQ",265,44.26658569,-124.1022023,4.8,2057,160,0,"MWCF","CoRa",300
"177",176022,13,15.7064599328117,0.827684917900705,14,17.0789473684211,0.819722650231125,0.252260124917963,0.317527519051651,0,0,"35794-ORDEQ",193,42.7228506,-124.20182,17.1,2870,170,0,"MWCF","CoRa",300
"178",176029,17,20.7333323534424,0.819935730069819,16,17.0789473684211,0.936825885978428,0.236749140995893,0.274463007159905,1,1,"35825-ORDEQ",230,45.3839508,-117.672,33,838,97,1,"WC","BlMts",300
"179",176036,8,20.7333330043418,0.385852096154762,7,17.0789473684211,0.409861325115562,0.49883990677037,0.53224043715847,1,1,"35939-ORDEQ",224,45.14013136,-117.1694755,43.5,1600,85,1,"WC","BlMts",300
"180",176037,11,20.7333330500509,0.530546631043145,10,17.0789473684211,0.585516178736518,0.424369748180472,0.407191448007775,1,1,"35940-ORDEQ",225,45.09875291,-117.120566,44.3,1600,91,1,"WC","BlMts",300
"181",176039,11,20.7333284376671,0.530546749069765,11,17.0789473684211,0.64406779661017,0.424369679296384,0.385192127460169,1,1,"35952-ORDEQ",230,44.31249713,-118.3157958,44.6,940,114,1,"WC","BlMts",300
"182",176040,12,20.7333286270247,0.578778266426487,10,17.0789473684211,0.585516178736518,0.380855472446636,0.411078717201166,1,1,"35953-ORDEQ",230,44.29245508,-118.3000091,43.5,940,114,1,"WC","BlMts",300
"183",176079,18,20.2606315635278,0.888422453345566,15,17.0789473684211,0.878274268104777,0.264972606386371,0.289581624282198,0,0,"37278-ORDEQ",258,45.62765916,-123.7900982,12,3429,151,0,"MWCF","CoRa",300
"184",176136,12,15.5688404893023,0.770770309339699,14,17.0789473684211,0.819722650231125,0.288911877743782,0.31922099915326,0,0,"38114-ORDEQ",181,45.51297187,-123.7231317,9.9,3175,152,0,"MWCF","CoRa",300
"185",176137,14,15.5397092272859,0.900917758191875,18,17.0789473684211,1.05392912172573,0.243672037274732,0.236309077269317,0,0,"38116-ORDEQ",187,44.38582153,-123.8084792,13.4,2057,174,0,"MWCF","CoRa",300
"186",176138,22,18.213308757437,1.20790792562701,20,17.0789473684211,1.17103235747304,0.219421580532634,0.205110007097232,0,0,"38117-ORDEQ",232,44.05000197,-123.890598,7.9,2159,168,0,"MWCF","CoRa",300
"187",176139,19,19.1947184139622,0.989855625398466,17,17.0789473684211,0.99537750385208,0.278999651187911,0.272586872586873,0,0,"38119-ORDEQ",231,43.95707828,-123.7095766,13.9,1651,168,0,"MWCF","CoRa",300
"188",176140,16,15.6858066885047,1.02003042098724,17,17.0789473684211,0.99537750385208,0.188457693660528,0.252509652509652,0,0,"38120-ORDEQ",188,44.1701391,-124.0467212,10.8,2210,160,0,"MWCF","CoRa",300
"189",176141,17,15.6874271968269,1.0836703677859,19,17.0789473684211,1.11248073959938,0.161908234606352,0.238512035010941,0,0,"38122-ORDEQ",189,44.20767477,-124.0703785,15.3,2311,161,0,"MWCF","CoRa",300
"190",176145,16,20.2736593755205,0.789201382130315,15,17.0789473684211,0.878274268104777,0.293277620652162,0.284659557013946,0,0,"38128-ORDEQ",272,42.20259907,-123.9580696,27.6,3429,164,0,"WC","KlMts",300
"191",176146,22,21.075619284337,1.04386019234794,18,17.0789473684211,1.05392912172573,0.224509548945109,0.237809452363091,0,0,"38130-ORDEQ",278,45.3027281,-123.7258624,11.9,2616,158,0,"MWCF","CoRa",300
"192",176147,20,21.7181781714597,0.920887555213192,17,17.0789473684211,0.99537750385208,0.277767396570548,0.258687258687259,0,0,"38131-ORDEQ",279,45.3553099,-123.5888604,19.9,2972,151,0,"MWCF","CoRa",300
"193",176148,13,15.4323806088,0.8423846151505,15,17.0789473684211,0.878274268104777,0.277596957146142,0.294503691550451,0,0,"38503-ORDEQ",210,42.40345839,-123.8800248,15.4,2616,179,0,"WC","KlMts",300
"194",176162,17,20.7145517932281,0.820679113393008,18,17.0789473684211,1.05392912172573,0.25817379941127,0.227306826706677,1,1,"38552-ORDEQ",215,45.27747576,-121.4559764,28.7,838,120,1,"WC","ECa",300
"195",176165,14,20.6526118445059,0.677880362319612,18,17.0789473684211,1.05392912172573,0.31435933941997,0.261815453863466,1,1,"38558-ORDEQ",202,45.62913297,-121.9022939,9.2,2311,142,0,"WC","Ca",300
"196",176176,13,20.7171468724196,0.62749953360164,12,17.0789473684211,0.702619414483821,0.308282690171413,0.339366515837104,1,1,"38583-ORDEQ",231,44.03825792,-121.5715404,39.7,1092,93,0,"WC","Ca",251
"197",176177,17,20.7284905164034,0.82012725367277,14,17.0789473684211,0.819722650231125,0.293226067825988,0.303979678238781,1,1,"38606-ORDEQ",271,45.32809178,-121.5256904,37.2,1905,99,0,"WC","Ca",300
"198",176234,17,20.2597269425309,0.83910311566501,14,17.0789473684211,0.819722650231125,0.329599018892769,0.33276883996613,0,0,"dfw_2150",265,44.13977664,-123.8821962,13,2261,171,0,"MWCF","CoRa",300
"199",176366,21,20.2995162954808,1.03450740866546,18,17.0789473684211,1.05392912172573,0.270371596812634,0.249812453113278,0,0,"DFW_8008",230,42.79303,-123.3774,22.8,1092,158,0,"WC","KlMts",300
"200",185355,14,20.167329889164,0.694192046093432,13,17.0789473684211,0.761171032357473,0.366433698385411,0.343832020997375,0,0,"103KLCMSR",257,41.85546,-123.85215,17.9,2114,199,0,"WC","KlMts",300
"201",185356,13,15.7358410370538,0.826139509759177,12,17.0789473684211,0.702619414483821,0.295242656015887,0.357466063348416,0,0,"103PS0281",203,41.95452,-123.91289,19.6,2610,193,0,"WC","KlMts",300
"202",185357,12,14.8500697983557,0.808077009936258,14,17.0789473684211,0.819722650231125,0.289682922874398,0.309060118543607,0,0,"R5BIO-401",221,41.8619,-123.96,11.6,2630,188,0,"WC","KlMts",257
"203",185358,14,15.4940499229779,0.903572666255438,18,17.0789473684211,1.05392912172573,0.246474028769252,0.252813203300825,0,0,"R5BIO-406",220,41.81,-124.111,7.6,2026,168,0,"MWCF","CoRa",300
"204",185359,11,15.3506969627042,0.716579841731318,13,17.0789473684211,0.761171032357473,0.326790420006418,0.335083114610674,0,0,"103WER030",222,41.85649,-123.91194,20.1,2875,175,0,"WC","KlMts",217
"205",185360,22,21.8214721946475,1.00818129060038,20,17.0789473684211,1.17103235747304,0.239141458059368,0.226401703335699,0,0,"R5BIO-415",264,41.612018,-123.2922174,30.8,1869,173,0,"WC","KlMts",300
"206",185361,15,16.5910556531969,0.904101602305798,15,17.0789473684211,0.878274268104777,0.292522650233871,0.299425758818704,0,0,"105FC1297",203,41.3286,-123.41992,18.8,1510,209,0,"WC","KlMts",300
"207",185362,16,20.8530049752485,0.767275508685259,15,17.0789473684211,0.878274268104777,0.311089897112558,0.310910582444627,0,0,"R5BIO-416",267,41.6139,-123.281,30.6,1869,173,0,"WC","KlMts",300
"208",185363,16,21.0709485996515,0.759339330373793,15,17.0789473684211,0.878274268104777,0.347081061764314,0.289581624282198,0,0,"R5BIO-425",222,41.3579,-123.074,29.4,1263,170,0,"WC","KlMts",300
"209",185364,13,19.9131893082353,0.652833647025278,12,17.0789473684211,0.702619414483821,0.39334918488565,0.36289592760181,0,0,"105FS0428",215,41.44105,-123.35829,20.5,1912,178,0,"WC","KlMts",300
"210",185365,19,21.7922882590841,0.871868055989018,17,17.0789473684211,0.99537750385208,0.278878157377897,0.255598455598456,0,0,"105PS0083",251,41.36469,-123.18717,30.6,1248,171,0,"WC","KlMts",300
"211",185366,15,21.6948193092886,0.691409307731722,15,17.0789473684211,0.878274268104777,0.353791678893197,0.296144380639869,0,0,"105PS0275",231,41.55216,-123.07014,38.5,1319,130,0,"WC","KlMts",300
"212",185367,16,19.2180437442957,0.832550920004493,15,17.0789473684211,0.878274268104777,0.316630262059656,0.292863002461034,0,0,"R5BIO-423",222,41.7366,-123.548,21.5,1853,186,0,"WC","KlMts",300
"213",185368,16,19.9338201770947,0.802655981535597,15,17.0789473684211,0.878274268104777,0.332063252836086,0.296144380639869,0,0,"105WLCABC",215,41.44225,-123.35041,20.6,1900,189,0,"WC","KlMts",300
"214",185369,12,15.6151155313648,0.768486148943094,15,17.0789473684211,0.878274268104777,0.30283824475721,0.287940935192781,0,0,"107GWCAPC",212,41.36789,-124.02434,7.1,1678,167,0,"MWCF","CoRa",300
"215",185370,15,17.1611554604639,0.874067019237557,15,17.0789473684211,0.878274268104777,0.273996757429956,0.284659557013946,0,0,"107WER092",240,41.39996,-124.0579,6,1811,163,0,"MWCF","CoRa",300
"216",185371,14,20.6972582937838,0.67641809370494,15,17.0789473684211,0.878274268104777,0.336674909324998,0.327317473338802,1,1,"505PS0110",259,41.09682211,-122.2011833,24.7,1727,202,0,"WC","KlMts",300
"217",185372,12,20.7329795165845,0.578788012133089,10,17.0789473684211,0.585516178736518,0.421585688250117,0.428571428571429,1,1,"526CE0061",254,41.37625,-120.29183,45,706,121,1,"WC","ECa",300
"218",185373,13,20.730414488049,0.627097929348901,14,17.0789473684211,0.819722650231125,0.379466084500668,0.359864521591871,1,1,"R5BIO-048",176,41.3618,-120.282,45.4,706,121,1,"WC","ECa",300
"219",185374,15,20.7328361055546,0.723490019582092,17,17.0789473684211,0.99537750385208,0.309710937429995,0.272586872586873,1,1,"526PS0076",239,41.27434,-120.26368,42.8,732,115,1,"WC","ECa",300
"220",185375,8,20.7324434178319,0.385868652274688,8,17.0789473684211,0.468412942989214,0.517398243850919,0.458551941238195,1,1,"526PS1612",216,41.41223,-120.24468,46.5,795,109,1,"WC","ECa",300
"221",185376,9,20.7304919346902,0.434143098405662,7,17.0789473684211,0.409861325115562,0.506781709541891,0.554098360655738,1,1,"639PS1279",162,40.7335,-120.11783,40.2,282,153,1,"CD","NBR",300
"222",185377,12,20.7323969414997,0.578804275929128,11,17.0789473684211,0.64406779661017,0.413434370509624,0.373945641986879,1,1,"641OWC157",205,41.37691,-120.14454,38.7,387,162,1,"CD","NBR",144
"223",185378,15,15.348681213754,0.977282659734863,17,17.0789473684211,0.99537750385208,0.240982292549467,0.257142857142857,0,0,"R5BIO-403",228,41.8459,-124.029,10.8,2444,180,0,"WC","KlMts",300
"224",185379,21,18.9021398018184,1.11098532865469,20,17.0789473684211,1.17103235747304,0.226133542585715,0.216465578424414,0,0,"103CDCHHR",257,41.7889,-124.07784,6,2125,172,0,"MWCF","CoRa",300
"225",185380,18,20.6352115852389,0.872295393029846,17,17.0789473684211,0.99537750385208,0.271270407328967,0.261776061776062,1,1,"R5BIO-049",216,41.095661,-122.136006,24.1,1711,195,0,"WC","KlMts",213
