"","SAMPLEID","ReferenceSite","pt_tv_intol_resid","nt_habitat_rheo_resid","pt_ti_stenocold_cold_cool_resid","pi_EPTNoHydro_resid","MMI.2024"
"1","103CDCHHR:20100914:T:SR","REFERENCE",0.874493252335803,0.702047413137512,0.903302034354991,0.989695206858681,0.867384476671747
"2","103KLCMSR:20100914:T:SR","REFERENCE",0.958408340133478,0.827985485621736,0.974734111833889,0.857530123173969,0.904664515190768
"3","103PS0281:20150722:T:SR","REFERENCE",0.693254936587536,0.651507156556923,0.665242115212426,0.306441459513073,0.579111416967489
"4","103STCNSR:20110809:T:SR","REFERENCE",0.708907502606591,0.708983055415469,0.408619282402852,0.641202861246411,0.616928175417831
"5","103WER026:20030729:R:SR","REFERENCE",0.674719981792868,0.793946975155957,0.756874037375272,0.584200921445022,0.70243547894228
"6","103WER029:20030730:R:SR","REFERENCE",0.588666505896673,0.866119979051094,1,0.597571882131538,0.763089591769826
"7","103WER030:20110810:T:SR","REFERENCE",0.656621424342606,0.560736026980415,0.687302259421316,0.949518152867355,0.713544465902923
"8","105BVCAGC:20100921:T:SR","REFERENCE",0.824065826327393,0.912304702290875,0.748576870979412,0.623830870135686,0.777194567433342
"9","105FC1297:20140722:T:SR","REFERENCE",0.712835260505871,0.788325562151275,0.716076140274055,0.788833395065218,0.751517589499105
"10","105FS0416:20130924:T:SR","REFERENCE",0.765639960599706,0.895636188433663,0.643167278184407,0.580545382789937,0.721247202501928
"11","105FS0425:20110810:T:SR","REFERENCE",0.646646851070607,0.795976755223412,0.55784977634355,0.692100551476411,0.673143483528495
"12","105FS0428:20110803:T:SR","REFERENCE",0.631206028309938,0.479744035907454,0.702788731975438,0.783383983376665,0.649280694892374
"13","105PS0083:20090908:T:SR","REFERENCE",0.799379847006236,0.839320063486878,0.915805973795373,0.533051568779926,0.771889363267104
"14","105PS0275:20150819:T:SR","REFERENCE",0.498684921098635,0.423577676119978,0.302898840638162,0.508047116936985,0.43330213869844
"15","105TMCACC:20100810:T:SR","REFERENCE",0.698658966524326,0.814051341641339,0.665300578248182,0.707896814599723,0.721476925253392
"16","105WLCABC:20110803:T:SR","REFERENCE",0.813512219849572,0.535135353712628,0.663108944758884,0.938905124361782,0.737665410670717
"17","107GWCAPC:20100915:T:SR","REFERENCE",0.780228787483376,0.593239239427758,0.726504484394747,0.759854525112381,0.714956759104565
"18","107WER092:20030812:R:SR","REFERENCE",0.685446408471536,0.644417941059003,0.781950322222651,0.699012863401242,0.702706883788608
"19","11850-ORDEQ:19990729:R:SR","REFERENCE",0.775944567180302,0.644855306098107,0.605677813725035,0.492686899389483,0.629791146598232
"20","119633","REFERENCE",0.728209532049049,0.695345914544351,0.406327331914014,0.761166803915483,0.647762395605724
"21","119663","REFERENCE",0.716770375846926,0.794348463257573,0.623819171023772,0.236353249816004,0.592822814986069
"22","12092-ORDEQ:20070814:R:SR","REFERENCE",1,0.791019148904529,0.920486511063301,0.943609675691008,0.913778833914709
"23","12181-ORDEQ:20000927:R:SR","REFERENCE",0.967023810192984,0.676028125942883,0.949476977009164,0.931083563863154,0.880903119252046
"24","123287","REFERENCE",0.810178004126315,0.56130453461066,0.419036540575591,0.614651370774584,0.601292612521787
"25","123315","REFERENCE",0.910644274043428,0.907299072092248,0.675311855652346,0.853391364731812,0.836661641629958
"26","123444","REFERENCE",0.900990040250087,0.795664837248052,0.939525911387281,0.771599017277397,0.851944951540704
"27","12521-ORDEQ:20070828:R:SR","REFERENCE",0.946965531764312,0.515216683677612,1,0.299481586296088,0.690415950434503
"28","125362","REFERENCE",0.98620538098459,0.633892842457442,0.829857050483692,0.774473752261307,0.806107256546758
"29","126606","REFERENCE",0.83292415873149,0.45841271000782,0.473716037453076,0.229654651569569,0.498676889440489
"30","127205","REFERENCE",1,0.634949273406444,0.978648903291753,0.932087234280274,0.886421352744618
"31","12871-ORDEQ:20000811:R:SR","REFERENCE",0.949676688571511,0.764553893503822,0.878081737811084,0.77967684416608,0.842997291013124
"32","12886-ORDEQ:19970812:R:SR","REFERENCE",1,0.779845026495233,1,1,0.944961256623808
"33","12889-ORDEQ:20160627:R:SR","REFERENCE",0.724887956035182,1,0.574759924095262,0.633124229749192,0.733193027469909
"34","130065","REFERENCE",1,0.693025757798046,0.94520153238354,0.90702764429536,0.886313733619237
"35","130067","REFERENCE",0.900406403748723,0.639202153825538,0.889840483524407,1,0.857362260274667
"36","130119","REFERENCE",0.883619977905724,0.674310957143802,0.796866077111381,0.794462045865969,0.787314764506719
"37","130124","REFERENCE",0.89637574920405,0.820182884987652,1,0.932037685365889,0.912149079889398
"38","131083","REFERENCE",0.959629528285058,0.614965052398011,0.896533675833701,1,0.867782064129193
"39","13200-ORDEQ:19980713:R:SR","REFERENCE",1,0.499363624311269,0.530278255840509,1,0.757410470037945
"40","13215-ORDEQ:19980715:R:SR","REFERENCE",0.86107705777124,0.875449532788456,0.976487802759665,0.712369068731448,0.856345865512702
"41","13224-ORDEQ:19980715:R:SR","REFERENCE",0.980827551577832,0.639697907889335,0.735723770030625,1,0.839062307374448
"42","13226-ORDEQ:19980708:R:SR","REFERENCE",0.969879337591844,0.631100171242129,0.54768257724301,0.972928639282377,0.78039768133984
"43","13231-ORDEQ:19990805:R:SR","REFERENCE",0.762073684963112,0.810571010274237,0.834018231571818,0.593956713765401,0.750154910143642
"44","13244-ORDEQ:19990909:R:SR","REFERENCE",0.745908086818515,0.775067719970954,0.809679544777105,0.854505035081547,0.79629009666203
"45","134605","REFERENCE",0.809806251788476,0.642139982516458,0.923974714404135,0,0.593980237177267
"46","134734","REFERENCE",0.863224297670092,0.58033989713221,0.795481590457018,0.801149737043533,0.760048880575713
"47","140016","REFERENCE",0.988084634034695,0.88977435450139,0.683355563570243,0.717195079355159,0.819602407865372
"48","143095","REFERENCE",0.763774575176574,0.772347798258509,0.331711605243026,0.960491314246308,0.707081323231104
"49","148021","REFERENCE",0.844097260715534,0.512449664059964,0.693369737587543,0.970950556376231,0.755216804684818
"50","149814","REFERENCE",0.787810243239728,0.491176669906674,0.863367992046231,0.840877171306619,0.745808019124813
"51","149822","REFERENCE",0.855857599769105,0.314847272153332,0.698874273621173,0.551511886501704,0.605272758011329
"52","150509","REFERENCE",1,0.612861052484832,1,1,0.903215263121208
"53","151144","REFERENCE",0.866051437554515,0.798806459082976,0.608157535701678,0.539674440380096,0.703172468179816
"54","151682","REFERENCE",0.767087315753226,0.810911660023415,0.810781210118554,0.598645504926295,0.746856422705373
"55","152645","REFERENCE",0.703751616617225,0.668331874604754,0.919017209116753,0.583601627000617,0.718675581834837
"56","153620","REFERENCE",0.919627063600146,0.79478022805349,0.907155923507351,0.682205900522719,0.825942278920927
"57","153706","REFERENCE",0.646243472028304,0.624205444949416,0.642889121626246,0.67651023012752,0.647462067182871
"58","155884","REFERENCE",0.437364731307791,0.43472579248186,0.744776430510232,0.318332641042018,0.483799898835475
"59","17007-ORDEQ:19980824:R:SR","REFERENCE",0.742849266330579,0.6533775258635,0.661468855601351,0.758011366303755,0.703926753524796
"60","17010-ORDEQ:19980825:R:SR","REFERENCE",0.875028763266624,0.6366400437544,0.765089737576176,0.674211899382655,0.737742610994964
"61","210808","REFERENCE",0.979301330922152,0.659999027593973,0.834254206813856,0.94776078616506,0.85532883787376
"62","21821-ORDEQ:19980813:R:SR-3","REFERENCE",0.679946293498091,0.455760262634668,0.25792561128038,0.564063524441614,0.489423922963689
"63","21842-ORDEQ:20070806:R:SR","REFERENCE",0.833725438021155,0.675997389848128,0.796060132855264,0.754585011335875,0.765091993015106
"64","21855-ORDEQ:19990727:R:SR","REFERENCE",0.771925342927116,0.68343907583595,0.805739766268433,0.976786752658567,0.809472734422516
"65","21857-ORDEQ:19980808:R:SR-1","REFERENCE",0.822369177672399,0.740159406827711,0.695291189202135,0.794581250078673,0.763100255945229
"66","21864-ORDEQ:19990922:R:SR","REFERENCE",0.730725543420561,0.836696513608514,0.802214771753326,0.417860600694562,0.696874357369241
"67","21868-ORDEQ:19990831:R:SR","REFERENCE",0.847202459390466,0.706785887315115,0.656603096677707,0.811778533694627,0.755592494269479
"68","21876-ORDEQ:19990928:R:SR","REFERENCE",0.874739601422583,0.783931927915291,0.960221054440766,0.368264595996598,0.74678929494381
"69","21878-ORDEQ:19980729:R:SR-3","REFERENCE",1,0.491701695731364,0.628006821268464,0.648180963361261,0.691972370090272
"70","21881-ORDEQ:19990713:R:SR","REFERENCE",0.90511317292266,0.634162528216422,1,0.628277473615011,0.791888293688523
"71","22946-ORDEQ:20000822:R:SR","REFERENCE",1,0.74494289764532,1,0.917622930192271,0.915641456959398
"72","23844-ORDEQ:20000711:R:SR","REFERENCE",1,0.858873527319278,0.990125626545857,0.656846579915037,0.876461433445043
"73","23856-ORDEQ:20000712:R:SR","REFERENCE",0.645634582355149,0.518993998711052,0.682675801254628,0.432914793031173,0.570054793838001
"74","23901-ORDEQ:20000907:R:SR","REFERENCE",0.757722457989005,0.752260464830429,0.707216060582237,0.800408204923474,0.754401797081286
"75","23903-ORDEQ:20000822:R:SR","REFERENCE",0.921431500766874,0.673615851419186,0.940545966203746,0.864966292434695,0.850139902706125
"76","23925-ORDEQ:20000828:R:SR","REFERENCE",0.864407096218169,0.790803243425347,1,0.652569158974686,0.82694487465455
"77","23926-ORDEQ:20000823:R:SR","REFERENCE",0.778987922489474,0.70473636419683,0.932513926381559,0.53149876175739,0.736934243706313
"78","24043-ORDEQ:20000816:R:SR","REFERENCE",0.967836193661436,0.892075450873575,0.912412817567205,0.625326928076202,0.849412847544604
"79","24044-ORDEQ:20000913:R:SR","REFERENCE",0.567347339624999,0.739349371705394,0.309706961364086,0.636639482017539,0.563260788678004
"80","24046-ORDEQ:20000803:R:SR","REFERENCE",1,0.82436000648159,0.705786854172995,0.850560002529323,0.845176715795977
"81","24056-ORDEQ:20000913:R:SR","REFERENCE",0.79488796752858,0.761965156680173,0.755845661138103,0.697733583533425,0.75260809222007
"82","24062-ORDEQ:20000912:R:SR","REFERENCE",0.734057372258964,0.680560602534727,0.583339049246995,0.448354214179909,0.611577809555149
"83","24068-ORDEQ:20000808:R:SR","REFERENCE",0.785895013135443,0.792634307991279,0.612755852770237,0.760384906214949,0.737917520027977
"84","24412-ORDEQ:20000821:R:SR","REFERENCE",0.691555996758439,0.920896617156239,0.802210462469978,0.667563343749179,0.770556605033459
"85","24419-ORDEQ:20000815:R:SR","REFERENCE",0.556150470809426,0.690317231608599,0.607365838418988,0.317583373274918,0.542854228527983
"86","24426-ORDEQ:20010719:R:SR","REFERENCE",0.467589932989001,0.51679490913449,0.685665058886366,0.312749090035379,0.495699747761309
"87","24453-ORDEQ:20000829:R:SR","REFERENCE",0.742369682016081,0.638339822214841,0.692576227033223,0.577311163314691,0.662649223644709
"88","24455-ORDEQ:20000828:R:SR","REFERENCE",0.828313864696627,0.855677638204649,0.971052882967602,0.641030578099364,0.824018740992061
"89","25284-ORDEQ:20010807:R:SR","REFERENCE",0.859511283692204,1,1,0.835472825211304,0.923746027225877
"90","25374-ORDEQ:20010801:R:SR","REFERENCE",0.592998213116823,0.848270369871722,0.778164924025677,0.715453744078504,0.733721812773182
"91","25386-ORDEQ:20010906:R:SR","REFERENCE",0.5767659112532,0.649330009595648,0.611872668403556,0.323800653895216,0.540442310786905
"92","25417-ORDEQ:20010801:R:SR","REFERENCE",0.449844895132833,0.81824464474433,0.496371386998753,0.348700711357454,0.528290409558342
"93","25425-ORDEQ:20010730:R:SR","REFERENCE",0.74045442483126,0.910288645963274,0.787429343514503,0.612133185999758,0.762576400077199
"94","26806-ORDEQ:20020904:R:SR","REFERENCE",0.670806494333739,0.754259854590199,1,0.544653848173566,0.742430049274376
"95","26854-ORDEQ:20020813:R:SR","REFERENCE",0.529509579478971,0.593016022643072,0.788868540806944,0.539382883559834,0.612694256622205
"96","26886-ORDEQ:20020716:R:SR","REFERENCE",0.674452726269538,0.658751880916219,0.890849806527011,0.441738410977105,0.666448206172468
"97","26895-ORDEQ:20020724:R:SR","REFERENCE",0.667147220999329,0.666320059582951,0.500147540020614,0.465492632429716,0.574776863258152
"98","26902-ORDEQ:20020716:R:SR","REFERENCE",0.605407999325906,0.751722786553019,0.742175756428095,0.513105210746474,0.653102938263374
"99","26906-ORDEQ:20020723:R:SR","REFERENCE",0.771316270925977,0.664284617400518,0.823345754002427,0.499472526451355,0.689604792195069
"100","26929-ORDEQ:20020711:R:SR","REFERENCE",0.640004079369194,0.636665538727242,0.900402013117638,0.699170004355947,0.719060408892505
"101","26936-ORDEQ:20030730:R:SR","REFERENCE",0.742736230743899,0.875848042031232,0.740466839314541,0.497890128469866,0.714235310139884
"102","26950-ORDEQ:20020731:R:SR","REFERENCE",0.649210952724207,0.967666781947971,0.770775297260291,0.805745941815188,0.798349743436914
"103","26952-ORDEQ:20020905:R:SR","REFERENCE",0.732879870539801,0.729214845445759,0.623872278825744,0.791483633515301,0.719362657081651
"104","26958-ORDEQ:20020910:R:SR","REFERENCE",0.589915575245468,1,0.665075760011093,0.398275785533606,0.663316780197542
"105","26966-ORDEQ:20020913:R:SR","REFERENCE",0.796098317755204,0.689326121348868,0.923303825145144,0.87903523669243,0.821940875235411
"106","29027-ORDEQ:20020808:R:SR","REFERENCE",0.685278332270195,0.605236905688077,0.903960726803214,0.68979456582921,0.721067632647674
"107","29879-ORDEQ:20030826:R:SR","REFERENCE",0.678269067341034,0.602795279003389,0.603160114765009,0.7476029102664,0.657956842843958
"108","29900-ORDEQ:20030806:R:SR","REFERENCE",0.79366702496989,0.547298525979271,0.815634180964549,0.320848014611064,0.619361936631193
"109","30339-ORDEQ:20030924:R:SR","REFERENCE",0.890032491096642,0.845935280279619,0.803010869591301,0.652573814294496,0.797888113815514
"110","30354-ORDEQ:20030827:R:SR","REFERENCE",0.848781650170704,0.812524994840652,0.931001696724368,0.410122535230762,0.750607719241621
"111","30379-ORDEQ:20030723:R:SR","REFERENCE",0.893867430710172,0.704373175755416,0.637349570066266,1,0.808897544132964
"112","30383-ORDEQ:20030724:R:SR","REFERENCE",0.670279289397789,0.628177196119991,0.596075275915533,0.397763108580011,0.573073717503331
"113","30387-ORDEQ:20030722:R:SR","REFERENCE",0.886813583053245,1,0.753420940949398,0.91760784577124,0.889460592443471
"114","30389-ORDEQ:20030728:R:SR","REFERENCE",0.865089148486672,0.705979070931858,0.732345692546255,0.550151597829705,0.713391377448623
"115","30392-ORDEQ:20030730:R:SR","REFERENCE",0.901101460844182,0.807916330846402,0.781779005836159,0.838230371133033,0.832256792164944
"116","30396-ORDEQ:20030827:R:SR","REFERENCE",0.934731007638125,1,0.784524830624392,0.6351876649223,0.838610875796204
"117","30421-ORDEQ:20030730:R:SR","REFERENCE",0.683071057058383,0.938440651689785,0.772215271348177,0.785736908512571,0.794865972152229
"118","30621-ORDEQ:20030924:R:SR","REFERENCE",0.884213104266306,0.886365906739316,1,0.765914434755405,0.884123361440257
"119","30623-ORDEQ:20030819:R:SR","REFERENCE",0.871690687923162,0.788254084574636,0.843785270384351,0.618938588437723,0.780667157829968
"120","30625-ORDEQ:20030818:R:SR","REFERENCE",0.629136425989181,0.579069327272004,0.775931041338685,0.601945472800418,0.646520566850072
"121","30628-ORDEQ:20030902:R:SR","REFERENCE",0.806852327871332,0.753201021665686,0.826691511468678,0.600659741848119,0.746851150713454
"122","30629-ORDEQ:20030918:R:SR","REFERENCE",0.911487192188274,0.871458164121079,0.817672695307046,0.850146399316921,0.86269111273333
"123","30727-ORDEQ:20030820:R:SR","REFERENCE",0.775426834178317,0.674693245728041,0.691997331611889,0.723438503374213,0.716388978723115
"124","31354-ORDEQ:20040707:R:SR","REFERENCE",0.958702966271963,0.802214788308522,0.614261629708025,1,0.843794846072128
"125","31387-ORDEQ:20040708:R:SR","REFERENCE",0.75684783024957,0.877370144378803,0.674062364515315,0.668251122737697,0.744132865470346
"126","31467-ORDEQ:20070918:R:SR","REFERENCE",0.720173838859771,0.573485931510043,0.545334040920871,0.331961024883778,0.542738709043616
"127","31477-ORDEQ:20040715:R:SR","REFERENCE",0.900987788126659,0.676927722559271,0.782521526883935,0.905746158125078,0.816545798923736
"128","31480-ORDEQ:20040804:R:SR","REFERENCE",0.88190488155955,0.51051211224204,0.728389145872308,0.978981067189151,0.774946801715762
"129","31485-ORDEQ:20040802:R:SR","REFERENCE",0.894481090831931,0.654185482900317,0.877203993585741,0.889383222219099,0.828813447384272
"130","31730-ORDEQ:20040901:R:SR","REFERENCE",0.706803583378647,0.707581371868767,0.609700373577909,0.653832114211965,0.669479360759322
"131","31803-ORDEQ:20040929:R:SR","REFERENCE",0.59103095189105,0.487804380606997,0.659465898515618,0.289747189111412,0.507012105031269
"132","32149-ORDEQ:20050803:R:SR","REFERENCE",0.430840477304833,0.826193848684665,0.516468300986103,0.793770034715259,0.641818165422715
"133","32481-ORDEQ:20050713:R:SR","REFERENCE",0.707467267780211,1,0.884879710765851,0.569093149393614,0.790360031984919
"134","32485-ORDEQ:20050713:R:SR","REFERENCE",0.728505794213518,0.541462044232056,0.480401784529365,0.9158802907359,0.66656247842771
"135","32486-ORDEQ:20050713:R:SR","REFERENCE",0.701618972258173,0.710253987624814,0.517411334695692,0.668698414295774,0.649495677218613
"136","32487-ORDEQ:20050713:R:SR","REFERENCE",0.93197172544556,0.982558949408291,0.725559533143728,0.712241345459,0.838082888364145
"137","32488-ORDEQ:20050728:R:SR","REFERENCE",0.613139611753572,0.770082720759533,0.42018927437789,0.581088709239931,0.596125079032731
"138","32489-ORDEQ:20050728:R:SR","REFERENCE",0.640477499315851,0.706302983612468,0.731973514100137,0.80056362059128,0.719829404404934
"139","32490-ORDEQ:20050729:R:SR","REFERENCE",0.754210012303929,0.691056802502916,0.662095042593206,0.540656558011279,0.662004603852832
"140","32556-ORDEQ:20050803:R:SR","REFERENCE",0.723759637128169,1,0.476173837607299,0.421396853223091,0.65533258198964
"141","32576-ORDEQ:20050907:R:SR","REFERENCE",0.723388011411353,0.703731275975364,0.714256684942091,0.542290605607449,0.670916644484064
"142","32577-ORDEQ:20050907:R:SR","REFERENCE",0.756236372187834,0.639429094964105,0.634584028081718,0.613291566888791,0.660885265530612
"143","32585-ORDEQ:20050915:R:SR","REFERENCE",0.747942112167033,0.774977338436828,0.712626559726291,0.638656647886296,0.718550664554112
"144","33336-ORDEQ:20060818:R:SR","REFERENCE",0.777231443324178,0.802669395422853,0.697175671563573,0.830424349213069,0.776875214880918
"145","33342-ORDEQ:20060906:R:SR","REFERENCE",0.776702106590841,1,0.773519024340831,0.64452340002716,0.798686132739708
"146","33419-ORDEQ:20060919:R:SR","REFERENCE",0.62856714310963,0.888976749004222,0.671109460684339,0.604694889449627,0.698337060561955
"147","34468-ORDEQ:20070924:R:SR","REFERENCE",0.7547523956481,0.805082051827376,0.632899273126548,0.856927162993722,0.762415220898937
"148","34470-ORDEQ:20070731:R:SR","REFERENCE",0.949278024890946,0.953731868303687,0.880643497924323,0.859657753452309,0.910827786142816
"149","34471-ORDEQ:20070905:R:SR","REFERENCE",0.792172873124736,0.750967430120641,0.813423372562084,0.46785260960695,0.706104071353603
"150","34477-ORDEQ:20070821:R:SR","REFERENCE",0.839687884394291,1,0.941993811610139,0.557948558856006,0.834907563715109
"151","34614-ORDEQ:20070827:R:SR","REFERENCE",0.800020571458211,1,0.62675102635818,0.457610887602303,0.721095621354674
"152","34636-ORDEQ:20070816:R:SR","REFERENCE",0.685451428069336,0.63919482051423,0.50689760338478,0.242817507585329,0.518590339888419
"153","34643-ORDEQ:20070918:R:SR","REFERENCE",0.771945694555841,0.726699134122502,0.556769196894036,0.853771623376323,0.727296412237175
"154","34661-ORDEQ:20070912:R:SR","REFERENCE",0.83330044710244,0.92638650840953,0.658356989311139,0.665304317441327,0.770837065566109
"155","35619-ORDEQ:20000703:R:SR","REFERENCE",0.630717015026701,0.786181864804525,0.412202558122563,0.861622024015943,0.672680865492433
"156","35622-ORDEQ:20000706:R:SR","REFERENCE",0.634510346847612,0.637081425252496,0.642090309980042,0.614731112250979,0.632103298582782
"157","35624-ORDEQ:20000723:R:SR","REFERENCE",0.743817264632991,0.604300594752345,0.72676159134178,0.649718935193778,0.681149596480224
"158","35626-ORDEQ:20000728:R:SR","REFERENCE",0.858508621280308,0.727573212473501,0.709822931136346,0.756232527289109,0.763034323044816
"159","35627-ORDEQ:20000729:R:SR","REFERENCE",0.897959728609314,0.458895515435742,0.710060685379574,0.436603371536768,0.62587982524035
"160","35629-ORDEQ:20000802:R:SR","REFERENCE",0.914241410380122,0.649328941079847,0.725639976433734,0.79148701779992,0.770174336423406
"161","35634-ORDEQ:20000813:R:SR","REFERENCE",0.897486255128846,0.882272875443799,1,0.711225430828578,0.872746140350306
"162","35694-ORDEQ:20150818:R:SR","REFERENCE",0.81242236647573,0.800228391457242,0.683999873204445,0.909578355953231,0.801557246772662
"163","35696-ORDEQ:19980727:R:SR-1","REFERENCE",0.942467053637123,0.654713102004778,0.614520880485239,1,0.802925259031785
"164","35702-ORDEQ:19980729:R:SR-3","REFERENCE",0.76463637458986,0.626921600366375,0.559365633506499,0.623966801756785,0.64372260255488
"165","35704-ORDEQ:19980728:R:SR-1","REFERENCE",0.809303390365524,0.532006927558404,0.692863872643446,0.902434745560126,0.734152234031875
"166","35708-ORDEQ:19980807:R:SR-2","REFERENCE",0.95102062125905,0.549892364259973,0.668339416114369,0.865629425542478,0.758720456793967
"167","35709-ORDEQ:19980807:R:SR-3","REFERENCE",0.707717267188282,0.505095601492048,0.675192801365605,0.616398329552075,0.626100999899502
"168","35711-ORDEQ:19980808:R:SR-2","REFERENCE",0.87043634441346,0.729005288982498,0.672385462263487,0.755294925654751,0.756780505328549
"169","35713-ORDEQ:19980809:R:SR","REFERENCE",0.839839030811162,0.594666040241333,0.74387597094984,0.927801673606586,0.77654567890223
"170","35714-ORDEQ:19980811:R:SR-1","REFERENCE",0.934408166508989,0.722301433914304,0.821322092493536,0.907249227275211,0.84632023004801
"171","35715-ORDEQ:19980728:R:SR-1","REFERENCE",0.874125640162523,0.600602640304355,0.429333329412028,0.873345685644005,0.694351823880728
"172","35716-ORDEQ:19980811:R:SR-1","REFERENCE",0.766598426616783,0.746220661083469,0.625433834055688,0.913627139342032,0.762970015274493
"173","35717-ORDEQ:19980811:R:SR-1","REFERENCE",0.759200097285325,0.487313444987094,0.694904289541459,0.980664371600411,0.730520550853572
"174","35721-ORDEQ:19980729:R:SR-3","REFERENCE",0.878543202017545,0.692251526075103,0.700926198357915,0.816431882134385,0.772038202146237
"175","35722-ORDEQ:19980729:R:SR-3","REFERENCE",0.82064424223285,0.63400787669774,0.408731081886525,0.659435624140621,0.630704706239434
"176","35733-ORDEQ:19980809:R:SR-1","REFERENCE",0.678357072705756,0.492555214578537,0.594491516738984,0.793397099731729,0.639700225938752
"177","35734-ORDEQ:19980808:R:SR-2","REFERENCE",0.846237628822391,0.594704925466596,0.475761220394488,0.628197099608622,0.636225218573024
"178","35748-ORDEQ:19990704:R:SR","REFERENCE",1,0.575667602909608,0.757188129126538,0.908823155366628,0.810419721850694
"179","35749-ORDEQ:19990703:R:SR","REFERENCE",0.972990232646653,0.453982672566401,0.180243871837026,0.990302019471564,0.649379699130411
"180","35758-ORDEQ:19990808:R:SR","REFERENCE",0.830770479901827,0.558420722908333,0.68916329005981,0.596884171017125,0.668809665971774
"181","35763-ORDEQ:19990805:R:SR","REFERENCE",0.8593509407915,0.900915134196026,0.560948650268573,0.796773839772027,0.779497141257031
"182","35767-ORDEQ:19990817:R:SR","REFERENCE",0.754600838294818,0.633090179114452,0.552972960034627,0.756230527348512,0.674223626198102
"183","35769-ORDEQ:19990816:R:SR","REFERENCE",0.888044365296686,0.584642688161584,0.402090658735109,0.427825756781031,0.575650867243603
"184","35770-ORDEQ:19990819:R:SR","REFERENCE",0.727586289428837,0.842558022052656,0.522340539370544,0.33919418879929,0.607919759912832
"185","35772-ORDEQ:19990817:R:SR","REFERENCE",0.637306797506312,0.623219769849658,0.54576414197082,0.468251094434143,0.568635450940233
"186","35773-ORDEQ:19990818:R:SR","REFERENCE",0.856051986644646,0.618138733868549,0.660559973906592,0.858869546921482,0.748405060335317
"187","35791-ORDEQ:19990809:R:SR","REFERENCE",0.867878295895366,0.754571332168036,0.629372152067203,0.763758325124616,0.753895026313805
"188","35792-ORDEQ:19990811:R:SR","REFERENCE",0.891364345074156,0.597072476469567,0.487513607872452,0.712448427692778,0.672099714277238
"189","35794-ORDEQ:20150819:R:SR","REFERENCE",0.794776029699897,0.96753761942411,0.67683486813209,0.647697975316694,0.771711623143198
"190","35830-ORDEQ:20000720:R:SR","REFERENCE",0.76409610273412,0.586001728848125,0.852074714609056,0.269925835630499,0.61802459545545
"191","35847-ORDEQ:20020613:R:SR","REFERENCE",0.809104419798688,0.686533491915794,0.658514202881589,0.629766567070703,0.695979670416694
"192","35853-ORDEQ:20010613:R:SR","REFERENCE",0.7609916627307,0.648118488292826,0.360136335370462,0.785532054006018,0.638694635100001
"193","35883-ORDEQ:20020816:R:SR","REFERENCE",0.52270131899315,0.507199557496845,0.313202878750076,1,0.585775938810018
"194","35939-ORDEQ:20090812:T:SR","REFERENCE",1,0.752299753970583,0.877150022222007,1,0.907362444048148
"195","35940-ORDEQ:20090813:T:SR","REFERENCE",0.740180127863328,0.712147760976249,0.910910866821213,0.655083040163977,0.754580448956192
"196","35952-ORDEQ:20090818:R:SR","REFERENCE",0.598877794077069,0.719461025809614,0.65873791741563,0.59451784212508,0.642898644856848
"197","35953-ORDEQ:20090818:R:SR","REFERENCE",0.845854181784614,0.777642927537592,0.86518826594467,0.665263658688118,0.788487258488748
"198","37278-ORDEQ:20140915:R:SR","REFERENCE",0.869496409521343,0.891600308073825,0.873539844034239,0.901948317545967,0.884146219793844
"199","38114-ORDEQ:20150630:R:SR","REFERENCE",0.746867039444763,0.983840227961301,0.819397369432511,0.923284014080876,0.868347162729863
"200","38116-ORDEQ:20150706:R:SR","REFERENCE",0.823053851251127,0.683216105209683,0.924554891558135,0.697628411545692,0.782113314891159
"201","38117-ORDEQ:20150820:R:SR","REFERENCE",0.900467006541119,0.868594836556178,0.887222873784425,0.84252919032829,0.874703476802503
"202","38119-ORDEQ:20150819:R:SR","REFERENCE",0.566995354900356,0.766983170358924,0.806376819062961,0.81745290597571,0.739452062574488
"203","38120-ORDEQ:20150707:R:SR","REFERENCE",0.620226209626555,0.788050862883091,0.691868675632362,0.622850337631803,0.680749021443453
"204","38128-ORDEQ:20150929:R:SR","REFERENCE",0.652256640952418,0.767951120845286,0.708776497548857,0.391753981305048,0.630184560162902
"205","38130-ORDEQ:20151005:R:SR","REFERENCE",0.650707497628451,0.700366648260683,0.572453507518193,0.622187500660202,0.636428788516882
"206","38131-ORDEQ:20151006:R:SR","REFERENCE",0.700637067918259,0.701449924983221,0.911276188922953,0.872884317926518,0.796561874937738
"207","38503-ORDEQ:20150729:R:SR","REFERENCE",0.610537426268464,0.809534488160656,0.652579043302781,0.690515719452096,0.690791669295999
"208","38552-ORDEQ:20160802:R:SR","REFERENCE",0.644594746470716,1,0.645964579596573,0.342769350459712,0.65833216913175
"209","38558-ORDEQ:20160720:R:SR","REFERENCE",0.409929364625012,0.928681519025405,0.615906435459183,0.414969216343196,0.592371633863199
"210","38583-ORDEQ:20160818:R:SR","REFERENCE",0.529834955023316,1,0.662010978670833,0.624208281044388,0.704013553684634
"211","38606-ORDEQ:20160927:R:SR","REFERENCE",0.632017073572395,0.882672204304588,0.653744658895193,0.420088169842918,0.647130526653774
"212","505BMCMCR:20100804:T:QCFR","REFERENCE",0.807394600819156,0.787410126186036,0.829188468114695,0.646924835547551,0.767729507666859
"213","505PS0110:20100803:T:SR","REFERENCE",0.784712727142508,0.713288968945134,0.651420342023885,0.456133104187475,0.65138878557475
"214","526CE0061:20040803:R:SR","REFERENCE",0.767151903491649,0.690835490557769,0.875131932479556,0.79181343766722,0.781233191049048
"215","526PNCAMF:20130625:T:SR","REFERENCE",0.643386792235624,0.643903118292108,0.649008125064633,0.607347799009253,0.635911458650405
"216","526PS0076:20080826:T:SR","REFERENCE",0.662792802010811,0.874021343464216,0.68103698532998,0.45003622633616,0.666971839285292
"217","526PS1612:20150804:T:SR","REFERENCE",0.661923136948106,0.380766825707745,0.73995841969539,1,0.69566209558781
"218","PIBO:0904:20000820:R:SR","REFERENCE",0.609034344624681,0.476033441582059,0.699560495654015,0.482204345013849,0.566708156718651
"219","PIBO_1432:20100804:R:SR","REFERENCE",0.664945095654995,0.690071659387772,0.410652488886519,0.947747822378711,0.678354266576999
"220","dfw_2150:20090922:R:SR","REFERENCE",0.776099370093886,0.678145754615842,0.638734914604593,0.442832632039954,0.633953167838569
"221","dfw_8008:20090818:R:SR","REFERENCE",0.974521941722596,0.832274311519701,0.960657407305258,0.937859686794841,0.926328336835599
"222","10741-ORDEQ:20020912:R:SR","MOST DISTURBED",0.47012699372789,0.509228808249916,0.197510832682149,0.436657510540178,0.403381036300033
"223","11494-ORDEQ:20180814:R:SR","MOST DISTURBED",0.287440416863975,0.309090234952689,0,0.651374395148116,0.311976261741195
"224","11972-ORDEQ:20080722:R:SR","MOST DISTURBED",0.483893713838908,0.239783619934657,0.40750739644633,0.27235165834181,0.350884097140426
"225","12012-ORDEQ:20070723:R:SR","MOST DISTURBED",0.446659830350003,0.379015088000719,0.75975184442776,0.768333615563981,0.588440094585616
"226","126608","MOST DISTURBED",0.918646961948896,0.50348193552772,0.698516200617701,0.81651813649843,0.734290808648187
"227","130068","MOST DISTURBED",0.695193149714517,0.426433640350799,0.291838215776365,0.167114044006862,0.395144762462136
"228","13062-ORDEQ:20180911:R:SR","MOST DISTURBED",0.520272952672313,0.651865153742272,0.220468403906698,0.23151277265603,0.406029820744328
"229","13082-ORDEQ:20140818:R:SR","MOST DISTURBED",0.109173648116374,0.2311952886805,0.287625390556074,0.189671788386515,0.204416528934866
"230","131139","MOST DISTURBED",0.657230116957411,0.292023210715705,0.591285421044211,0.0683113341488954,0.402212520716555
"231","13138-ORDEQ:20000705:R:SR","MOST DISTURBED",0.315601336587326,0.278997574980233,0.750297606041548,0.93439692973231,0.569823361835354
"232","13141-ORDEQ:20000705:R:SR","MOST DISTURBED",0.824976465246725,0.519885039121652,0.612108061394995,0.614996532359255,0.642991524530657
"233","13181-ORDEQ:20050617:R:SR","MOST DISTURBED",0.863840044475868,0.726126809522898,0.822234868000816,0.377610325168013,0.697453011791899
"234","13196-ORDEQ:20000627:R:SR","MOST DISTURBED",0.594321681174102,0.347835181837577,0.29793275098333,0.315018321318343,0.388776983828338
"235","13198-ORDEQ:19980806:R:SR","MOST DISTURBED",0.934384973890501,0.558188387413685,0.643269425737561,1,0.783960696760437
"236","13222-ORDEQ:19980709:R:SR","MOST DISTURBED",0.977557071708267,0.669264138300782,1,0.90725521590681,0.888519106478965
"237","13229-ORDEQ:20070815:R:SR","MOST DISTURBED",1,1,1,0.984474069630577,0.996118517407644
"238","134513","MOST DISTURBED",0.751915657395537,0.417233162081718,0.59470928769754,0.278583195753268,0.510610325732016
"239","145608","MOST DISTURBED",0.638934531351935,0.521130651704259,0.659553138655753,0.631460001570432,0.612769580820595
"240","146644","MOST DISTURBED",0.386041468362636,0.225548917707022,0.159200706436027,0.568720209232152,0.33487782543446
"241","146662","MOST DISTURBED",0.948293612396682,0.424731201637652,0.516308289747854,0.610131722680066,0.624866206615564
"242","149517","MOST DISTURBED",0.905063513584312,0.678659529052227,0.967997101611229,0.999155234932112,0.88771884479497
"243","150903","MOST DISTURBED",0.741573137541376,0.568180697642369,0.722225867707745,0.564430132564224,0.649102458863928
"244","151252","MOST DISTURBED",0.621270737088478,0.777528885731288,0.836838294448788,0.449125637960995,0.671190888807387
"245","153659","MOST DISTURBED",1,0.631810486611554,1,1,0.907952621652889
"246","158395","MOST DISTURBED",0.184844887398066,0,0.00998834808784373,0.0751870777927541,0.0675050783196659
"247","158402","MOST DISTURBED",0.516010894586281,0.431129812972753,0.381006208311704,1,0.582036728967685
"248","158419","MOST DISTURBED",0.451804446070188,0.305773677244967,0.264627853254426,0.481788999192838,0.375998743940604
"249","167710","MOST DISTURBED",0.408266724482683,0.421965880794115,0.0233584226225841,0.779275016318991,0.408216511054593
"250","16997-ORDEQ:19980727:R:SR","MOST DISTURBED",0.26015736778264,0.280483782658258,0,0.301063466965103,0.2104261543515
"251","17020-ORDEQ:19980818:R:SR","MOST DISTURBED",0.242947028592198,0.0455655132892315,0.146477651461735,0.0570593907799299,0.123012396030774
"252","171857","MOST DISTURBED",0.523147481964917,0.476797198489094,0.19901380559339,1,0.54973962151185
"253","171866","MOST DISTURBED",0.268564143298748,0.234682394810291,0.0238527248789591,0.460400931227309,0.246875048553827
"254","171964","MOST DISTURBED",0.104826836076976,0.0777077998340445,0,0.554065991119424,0.184150156757611
"255","184909","MOST DISTURBED",0.260806083318618,0.252720935951557,0.190092188579072,0.971244684125982,0.418715972993807
"256","185011","MOST DISTURBED",0.955547941794365,0.978556747229301,0.89066783644672,0.851614744669517,0.919096817534976
"257","185193","MOST DISTURBED",0.765431121659542,0.869877810773771,0.869753936886058,0.679563259888637,0.796156532302002
"258","210782","MOST DISTURBED",0.948829203247694,0.844996014197012,1,1,0.948456304361176
"259","21794-ORDEQ:20000725:R:SR","MOST DISTURBED",0.744378363701121,0.552965341987841,0.45001755595303,0.5118641671498,0.564806357197948
"260","21798-ORDEQ:19990914:R:SR","MOST DISTURBED",0.999933237258223,0.571223159671767,0.847284864144521,1,0.854610315268628
"261","21810-ORDEQ:19990824:R:SR","MOST DISTURBED",0.568099557805854,0.493973860997408,0.371783525046251,0.21582866667111,0.412421402630156
"262","21838-ORDEQ:19990805:R:SR","MOST DISTURBED",0.923301289937924,0.254663969760122,0.989099127430844,1,0.791766096782223
"263","21839-ORDEQ:20000912:R:SR","MOST DISTURBED",0.835016437412779,0.534476065731108,0.795907124407078,0.709477586812411,0.718719303590844
"264","23040-ORDEQ:19990824:R:SR","MOST DISTURBED",0,0.172694134403513,0.149980475848791,0.317644409077482,0.160079754832447
"265","23846-ORDEQ:20000628:R:SR","MOST DISTURBED",0.903346611642773,0.282186221371404,0.640430275510088,0.583995054787076,0.602489540827835
"266","23850-ORDEQ:20000802:R:SR","MOST DISTURBED",0.721372446809431,0.527267349391183,0.762675541549903,0.596870758438589,0.652046524047276
"267","23860-ORDEQ:20000724:R:SR","MOST DISTURBED",0.340177048030606,0.000473728697370228,0.501138576047648,0.161380369564271,0.250792430584974
"268","23862-ORDEQ:20000801:R:SR","MOST DISTURBED",0.090358777977834,0.0330819778953345,0,0.146743232418771,0.0675459970729849
"269","23864-ORDEQ:20000706:R:SR","MOST DISTURBED",0.709353005028579,0.58929520139594,0.532585926713191,0.684695857256587,0.628982497598575
"270","24135-ORDEQ:20000814:R:SR","MOST DISTURBED",0.900082745096867,0.648984103612331,0.598194873612111,0.288554076661426,0.608953949745684
"271","24136-ORDEQ:20000814:R:SR","MOST DISTURBED",0.670661484044018,0.657755165318704,0.355396043135053,0.43014597499503,0.528489666873201
"272","24413-ORDEQ:20000628:R:SR","MOST DISTURBED",0.612481514396667,0.772464206697365,0.52434895269372,0.375351392856359,0.571161516661028
"273","24418-ORDEQ:20000816:T:SR","MOST DISTURBED",0.0675569719710744,0.140841171074709,0,0.621821328974276,0.207554868005015
"274","24431-ORDEQ:20000814:R:SR","MOST DISTURBED",0.429712302232758,0.471635063213989,0.40054967391862,0.188847793878798,0.372686208311041
"275","25124-ORDEQ:20020724:R:QCFR","MOST DISTURBED",0.654132940611548,0.763754055141731,0.744349638394589,0.477726289430462,0.659990730894583
"276","25282-ORDEQ:20010827:R:SR","MOST DISTURBED",0.0488709565421424,0.0350036931511405,0.31084182938859,0.106641183926914,0.125339415752197
"277","25295-ORDEQ:20010709:R:SR","MOST DISTURBED",0.993453366140998,0.476967746911163,0.970990272654253,0.49071007965293,0.733030366339836
"278","25356-ORDEQ:20010905:R:SR","MOST DISTURBED",0.625628802581721,0.677124593253612,0.794728981948947,0.474439995545568,0.642980593332462
"279","25363-ORDEQ:20010919:R:SR","MOST DISTURBED",0.721230048967123,0.800827018388842,0.846478264454133,0.391347075711852,0.689970601880487
"280","25377-ORDEQ:20010702:R:SR","MOST DISTURBED",0.84160310286132,0.633333240380022,0.903268470786529,0.78112974079855,0.789833638706605
"281","25381-ORDEQ:20010703:T:SR","MOST DISTURBED",0.0155859982696486,0,0.326569015285512,0,0.0855387533887902
"282","25412-ORDEQ:20010717:R:SR","MOST DISTURBED",0.742445545001472,0.760169492770758,0.746816419511332,0.233709389593569,0.620785211719283
"283","25780-ORDEQ:20010703:R:SR","MOST DISTURBED",0.512585951530825,0.551159356018439,0.449598304492675,0.196499111300488,0.427460680835607
"284","26802-ORDEQ:20020819:R:SR","MOST DISTURBED",0.210762279506524,0.174043294242376,0,0.0561017313206887,0.110226826267397
"285","26814-ORDEQ:20020819:R:SR","MOST DISTURBED",0.276590183985339,0.0877579747059303,0.239115970397755,0.115942595613165,0.179851681175547
"286","26834-ORDEQ:20020807:R:SR","MOST DISTURBED",0.828723837006884,0.578511059207653,0.951617853691188,0.637851958965252,0.749176177217744
"287","26890-ORDEQ:20020724:R:SR","MOST DISTURBED",0.543482848177016,0.712659575194571,0.593744158819153,0.335471658672154,0.546339560215723
"288","26934-ORDEQ:20020716:R:SR","MOST DISTURBED",0.499803604162677,0.642957044196737,0.263754086639621,0.599752002391738,0.501566684347693
"289","28337-ORDEQ:20160919:R:SR","MOST DISTURBED",0.429134659239065,0.457781049428472,0.334077745371652,0.247163194654942,0.367039162173533
"290","29026-ORDEQ:20020812:R:SR","MOST DISTURBED",0.761381202211277,0.373109848886602,0.756089382680233,0.923731737662565,0.703578042860169
"291","29875-ORDEQ:20030818:R:SR","MOST DISTURBED",0.32672740374144,0.00926915446403887,0.474242931222086,0.101028168708525,0.227816914534023
"292","29955-ORDEQ:20030827:R:SR","MOST DISTURBED",0.813009421482497,0.54107263505611,0.797075862459855,0.782192470557099,0.73333759738889
"293","29986-ORDEQ:20030715:R:SR","MOST DISTURBED",0.922053195995851,1,0.968000592923589,0.697809033009456,0.896965705482224
"294","29989-ORDEQ:20030825:R:SR","MOST DISTURBED",0.417804638721236,0.0152322582213578,0.33540144400103,0.24179101993651,0.252557340220033
"295","30336-ORDEQ:20030930:R:SR","MOST DISTURBED",0.840990416074442,0.69237954050612,0.937934639660883,0.679295893249699,0.787650122372786
"296","30346-ORDEQ:20030811:R:SR","MOST DISTURBED",0.17270978448002,0.149737098590097,0.0840995380712478,0.15492212527131,0.140367136603169
"297","30348-ORDEQ:20030714:R:SR","MOST DISTURBED",0.675493474403284,0.255586758543813,0.360617094293829,0.194193863508073,0.37147279768725
"298","30356-ORDEQ:20030925:R:SR","MOST DISTURBED",0.93100977223185,0.890486760276211,0.904919183047986,0.667445445922301,0.848465290369587
"299","30365-ORDEQ:20030701:R:SR","MOST DISTURBED",0.0581797982861128,0.0526189087447732,0.111446589882257,0.335323449133719,0.139392186511716
"300","30407-ORDEQ:20030623:R:SR","MOST DISTURBED",0.345519943497057,0.489107139953386,0.16048407031307,0.312337497081941,0.326862162711363
"301","30413-ORDEQ:20030825:R:SR","MOST DISTURBED",0.507985425234274,0.78780138265337,0.229563422126497,0.533687600634481,0.514759457662156
"302","30429-ORDEQ:20030721:R:SR","MOST DISTURBED",0.508403834261898,0.590443357737365,0.533925326168871,0.453724344150721,0.521624215579714
"303","31367-ORDEQ:20040819:R:SR","MOST DISTURBED",0.121466613475717,0,0.238710258260256,0.0527434379157029,0.103230077412919
"304","31400-ORDEQ:20040816:R:SR","MOST DISTURBED",0.450653416332259,0.614615551058019,0.55162615530737,0.308792257554611,0.481421845063065
"305","31401-ORDEQ:20040823:R:SR","MOST DISTURBED",0.719900923404927,0.510821608691733,0.605869269597753,0.261247732354312,0.524459883512181
"306","31499-ORDEQ:20070723:R:SR","MOST DISTURBED",0.785153283803749,0.800153961223179,0.81215944622939,0.705261193863874,0.775681971280048
"307","31532-ORDEQ:20040608:R:SR","MOST DISTURBED",0.348383815106902,0.347134715104082,0.429751348365807,0.253652835609185,0.344730678546494
"308","31534-ORDEQ:20040608:R:SR","MOST DISTURBED",0.219790859329162,0.316228904619265,0.155060424245332,0.760771139655387,0.362962831962286
"309","31925-ORDEQ:20040812:R:SR","MOST DISTURBED",0.771330233651208,0.0945981846338866,0.936323623896666,0.0463476910724565,0.462149933313554
"310","31928-ORDEQ:20040812:R:SR","MOST DISTURBED",0,0,0,3.22103116200286e-05,8.05257790500714e-06
"311","32448-ORDEQ:20050721:R:SR","MOST DISTURBED",0.167447029891878,0,0.291825251620075,0.128206513868809,0.14686969884519
"312","32513-ORDEQ:20050804:R:SR","MOST DISTURBED",0,0.0280934365498347,0.0406584760218052,0,0.01718797814291
"313","32608-ORDEQ:20050922:R:SR","MOST DISTURBED",0.0557923602307948,0.290704505952212,0.0748089543456819,0.290333012172467,0.177909708175289
"314","32609-ORDEQ:20050919:R:SR","MOST DISTURBED",0.536610455328805,0.163408381923398,0.108307458242091,0.14511461169529,0.238360226797396
"315","33091-ORDEQ:20160920:R:SR","MOST DISTURBED",0.0421693041217982,0.314231051675036,0.0605962972477531,0.282443380549771,0.17486000839859
"316","33151-ORDEQ:20140929:R:SR","MOST DISTURBED",0.732225647057732,0.691724756385679,0.914665170290015,0.548396134174647,0.721752926977018
"317","33311-ORDEQ:20060809:R:SR","MOST DISTURBED",0.641815873564398,0.781954008182455,0.928222427745933,0.508362295754455,0.71508865131181
"318","33333-ORDEQ:20060911:R:SR","MOST DISTURBED",0.58312711330417,0.3632149948991,0.895092079110948,0.32581824933212,0.541813109161584
"319","33350-ORDEQ:20060928:R:SR","MOST DISTURBED",0.736834044879777,0.573638247148557,0.633210375125896,0.434681944760816,0.594591152978762
"320","33356-ORDEQ:20060816:R:SR","MOST DISTURBED",0.742817825703546,0.465011084321156,0.738888973315198,0.480958267887918,0.606919037806955
"321","33378-ORDEQ:20060913:R:SR","MOST DISTURBED",0.563237612054863,0.496830547067054,0.666445818402394,0.342901082836017,0.517353765090082
"322","33379-ORDEQ:20060824:R:SR","MOST DISTURBED",0.674939951578107,0.543018714372211,0.959427443921051,0.292620154822403,0.617501566173443
"323","33399-ORDEQ:20090910:R:SR","MOST DISTURBED",0.658376171761831,0.234469209282705,0.985566664222039,0.22277219933681,0.525296061150846
"324","33425-ORDEQ:20060814:R:QCFR","MOST DISTURBED",0.622790218144632,0.626127569547633,0.627091998196518,0.666377242516026,0.635596757101202
"325","33477-ORDEQ:20060712:R:SR","MOST DISTURBED",0.0643177899547954,0.115057904267017,0.410982625067027,0.0328867281640571,0.155811261863224
"326","33478-ORDEQ:20060713:R:SR","MOST DISTURBED",0.0944342178637256,0.086177356294261,0.524567596047933,0.0468714770548792,0.1880126618152
"327","33480-ORDEQ:20060712:R:SR","MOST DISTURBED",0.0227783012776122,0.0458335179524817,0.557241855340183,0.0557261548767008,0.170394957361744
"328","33481-ORDEQ:20060925:R:SR","MOST DISTURBED",0.000370887359999085,0.218011286553108,0.111119015839622,0.0564592026221973,0.0964900980937316
"329","33491-ORDEQ:20060718:R:SR","MOST DISTURBED",0.344935683862753,0.484803837803697,0.257507398222269,0.170570442021096,0.314454340477454
"330","33492-ORDEQ:20060810:R:SR","MOST DISTURBED",0.494673198686171,0.224147984240032,0.822329135806405,0.420441047711142,0.490397841610937
"331","33496-ORDEQ:20060718:R:SR","MOST DISTURBED",0.0498834364042089,0.0704534008810651,0.398054774598033,0,0.129597902970827
"332","33499-ORDEQ:20060803:R:SR","MOST DISTURBED",0.0422768959667897,0.0482211958614389,0.129751399084575,0,0.0550623727282008
"333","33502-ORDEQ:20060719:R:SR","MOST DISTURBED",0.261565085652218,0.01052999458433,0.175161677161179,0.00605869645825506,0.113328863463996
"334","33505-ORDEQ:20060726:R:SR","MOST DISTURBED",0.358031628048187,0.551573545043462,0.172095574566225,0.591765950359094,0.418366674504242
"335","33506-ORDEQ:20060727:R:SR","MOST DISTURBED",0,0,0.00149165757462067,0,0.000372914393655166
"336","33512-ORDEQ:20060808:R:SR","MOST DISTURBED",0.0356395279821321,0.0278041133338259,0,0.0156998953533607,0.0197858841673297
"337","33520-ORDEQ:20060731:R:SR","MOST DISTURBED",0.220151228666692,0.0454497840028279,0.175641358907144,0.157495581802312,0.149684488344744
"338","33521-ORDEQ:20060731:R:SR","MOST DISTURBED",0,0.036200577613156,0.0737190995662009,0,0.0274799192948392
"339","33523-ORDEQ:20060717:R:SR","MOST DISTURBED",0.472911225510528,0.507824829275389,0.546041407007274,0.301361149191448,0.45703465274616
"340","33525-ORDEQ:20060803:R:SR","MOST DISTURBED",0,0.0715711021471203,0.223611102262073,0.134667523434946,0.107462431961035
"341","33691-ORDEQ:20060809:R:SR","MOST DISTURBED",0.293818001909011,0.28792395757099,0.21303331428173,0.983577654552942,0.444588232078668
"342","33830-ORDEQ:20060821:T:SR","MOST DISTURBED",0.395425811785929,0.514686357756104,0.154254267641904,0.28942312350043,0.338447390171092
"343","33846-ORDEQ:20060829:R:SR","MOST DISTURBED",0.675423945711001,0.139230097587671,0.375516705682368,0.186774965589838,0.344236428642719
"344","33885-ORDEQ:20060920:T:SR","MOST DISTURBED",0.407861297530397,0.174621940674393,0.429293310708783,1,0.502944137228393
"345","33888-ORDEQ:20060911:R:SR","MOST DISTURBED",0.391655360463334,0.801064567976723,0.356300176242068,0.433371216655284,0.495597830334352
"346","33889-ORDEQ:20060913:R:SR","MOST DISTURBED",0.292061006779951,0.199180913452238,0.514587648382982,0.150450247821191,0.289069954109091
"347","33905-ORDEQ:20060905:R:SR","MOST DISTURBED",0.469476914118747,0.71903991348445,0.278883432221152,0.372928251112917,0.460082127734316
"348","33937-ORDEQ:20060927:R:SR","MOST DISTURBED",0.347332257074721,0.418088949699596,0.0692045846198495,0.468308667992484,0.325733614846663
"349","34634-ORDEQ:20070821:R:SR","MOST DISTURBED",0.809796874067791,0.684220625814671,0.712019179884924,0.481068582942094,0.67177631567737
"350","34652-ORDEQ:20070912:R:SR","MOST DISTURBED",0.574399193332388,0.353256185253322,0.450930245913331,0.626267194077492,0.501213204644133
"351","34673-ORDEQ:20070904:R:SR","MOST DISTURBED",0.790273243230681,1,0.818903084987016,0.686352267268525,0.823882148871555
"352","34684-ORDEQ:20070911:R:SR","MOST DISTURBED",0.544194375378328,0.552965341987841,0.615232685847796,0.541337654906696,0.563432514530165
"353","34690-ORDEQ:20080806:R:SR","MOST DISTURBED",0.835031345235987,0.687942236024805,0.922759059397328,0.623553527954732,0.767321542153213
"354","34846-ORDEQ:20080604:R:SR","MOST DISTURBED",0,0,0.107377455219597,0,0.0268443638048993
"355","34850-ORDEQ:20080604:R:SR","MOST DISTURBED",0,0.0704960379865822,0.153068161889543,0,0.0558910499690313
"356","35727-ORDEQ:19980728:R:SR-3","MOST DISTURBED",0.524815880574718,0.507508096491548,0.254388359676727,0.453200979218124,0.434978328990279
"357","35827-ORDEQ:20000627:R:SR","MOST DISTURBED",0.84562104926131,0.473602461082849,0.235285850574967,0.726223580456229,0.570183235343839
"358","35842-ORDEQ:20000628:R:SR","MOST DISTURBED",0.444006067343114,0.176705067829657,0.280727233070777,0.146145762716957,0.261896032740126
"359","35856-ORDEQ:20010610:R:SR","MOST DISTURBED",0.568539567851173,0.183064087566777,0.449562856663579,0.0483868353754087,0.312388336864235
"360","37122-ORDEQ:20180927:R:SR","MOST DISTURBED",0.621500915353771,0.893903819732653,0.609548604079911,0.579217823471508,0.676042790659461
"361","37176-ORDEQ:20120723:R:SR","MOST DISTURBED",0.713983441931593,0.873084730210164,1,0.463850171394516,0.762729585884068
"362","37282-ORDEQ:20140930:R:SR","MOST DISTURBED",0.405757166448629,0.27623834515177,0.640001669991669,0.194786280611987,0.379195865551014
"363","37336-ORDEQ:20180808:R:SR","MOST DISTURBED",0.404533940647097,0.528382005149701,0.224231686890001,0.578542880601875,0.433922628322169
"364","37422-ORDEQ:20180813:R:SR","MOST DISTURBED",0.226511907740004,0.303797142853496,0.0803763587069581,0.670096375621122,0.320195446230395
"365","37434-ORDEQ:20160920:R:SR","MOST DISTURBED",0.25884423379435,0.471004643153844,0.315127127128044,0.222589463712717,0.316891366947239
"366","37727-ORDEQ:20180831:R:SR","MOST DISTURBED",0.36170933395155,0.436173173453917,0.153247642099629,0.551202431258929,0.375583145191006
"367","37795-ORDEQ:20140820:R:SR","MOST DISTURBED",0.35484237085861,0.249182056193639,0.0847496591591604,0.0768506456517184,0.191406182965782
"368","37796-ORDEQ:20140820:R:SR","MOST DISTURBED",0.272656411528769,0.422346569236232,0.330261522341197,0.224023138367178,0.312321910368344
"369","37797-ORDEQ:20140820:R:SR","MOST DISTURBED",0.283151836504956,0.519196754418305,0.121030025727545,0.317894933723416,0.310318387593556
"370","37847-ORDEQ:20140930:R:SR","MOST DISTURBED",0.58996760030038,0.385435017888578,0.630598101707712,0.143139466965753,0.437285046715606
"371","38024-ORDEQ:20170705:R:SR","MOST DISTURBED",0.735494286561738,0.778186715359266,0.727815414726092,0.547775927782277,0.697318086107343
"372","38564-ORDEQ:20160928:R:SR","MOST DISTURBED",0.621402351012068,0.601355411242203,0.793979990895175,0.307965315698118,0.581175767211891
"373","38568-ORDEQ:20160622:R:SR","MOST DISTURBED",0.334939558217812,0.541459414513301,0.453745474860664,0.404143200946421,0.433571912134549
"374","38847-ORDEQ:20170629:R:SR","MOST DISTURBED",0.593522500173063,0.809957449984573,0.758809536120609,0.629230542746535,0.697880007256195
"375","39503-ORDEQ:20170629:R:SR","MOST DISTURBED",0.394068733514668,0.658059716072398,0.719021443617242,0.531138564993334,0.575572114549411
"376","40718-ORDEQ:20180803:R:SR","MOST DISTURBED",0.535030825673652,0.558882763132106,0.129093004132663,0.288471550895707,0.377869535958532
"377","dfw_20417:20190910:R:SR","MOST DISTURBED",0.761762759195415,0.656704465218462,0.74184931329635,0.782977307431083,0.735823461285327
"378","dfw_7057:20080814:R:SR","MOST DISTURBED",0.901635821401782,0.753755653897973,0.852491221598843,0.540445450327312,0.762082036806477
"379","dfw_8329:20080929:R:SR","MOST DISTURBED",0.00158586319447875,0,0.336893285526517,0.131818279268504,0.117574356997375
