"","SAMPLEID","ReferenceSite","nt_EPT_resid","pt_ti_cowa_warm_stenowarm_resid","pi_habitat_rheo","pi_NonIns","pi_Colesens_resid","MMI.2024"
"1","103CDCHHR:20100914:T:SR","REFERENCE",0.797128771202143,0.739975022130087,0.778404698739795,0.94921875,0.726663609242241,0.798278170262853
"2","103KLCMSR:20100914:T:SR","REFERENCE",0.852225966725182,0.88055338145898,0.834647812810589,0.9765625,0.457631231619689,0.800324178522888
"3","103PS0281:20150722:T:SR","REFERENCE",0.611635751712751,0.752405728493718,0.954633122828284,0.9765625,0.81960276656131,0.822967973919213
"4","103STCNSR:20110809:T:SR","REFERENCE",0.70070938331883,0.224418520261703,0.608012026336847,0.898173167293233,0.710671695114012,0.628396958464925
"5","103WER026:20030729:R:SR","REFERENCE",0.801682305850088,0.743724574997825,0.827148730934483,0.6953125,0.76083886008256,0.765741394372991
"6","103WER029:20030730:R:SR","REFERENCE",0.797880315769069,1,0.86089459937696,0.80859375,0.518012841703848,0.797076301369975
"7","103WER030:20110810:T:SR","REFERENCE",0.686233297644509,0.578135479012719,0.729660666545106,0.8125,0.553167352257475,0.671939359091962
"8","105BVCAGC:20100921:T:SR","REFERENCE",1,0.688767443358563,0.733410207483159,0.953125,0.61830371429004,0.798721273026352
"9","105FC1297:20140722:T:SR","REFERENCE",0.745307406769728,0.690173923413309,0.864644140315013,0.953125,0.721034787572509,0.794857051614112
"10","105FS0416:20130924:T:SR","REFERENCE",0.917879040265403,0.489133607782099,0.875892763129172,0.953125,0.631613930513414,0.773528868338017
"11","105FS0425:20110810:T:SR","REFERENCE",0.888997445921053,0.468422639481965,0.834647812810589,0.88671875,0.666885359453456,0.749134401533413
"12","105FS0428:20110803:T:SR","REFERENCE",0.498730171543241,0.876184126974063,0.887141385943331,0.9140625,0.657341662545576,0.766691969401242
"13","105PS0083:20090908:T:SR","REFERENCE",0.963839445204008,0.832523587530368,0.722161584669,0.890625,0.757922941164258,0.833414511713527
"14","105PS0275:20150819:T:SR","REFERENCE",0.601227929154942,0.228719833408726,0.219723098969903,0.88671875,0.708517390926294,0.528981400491973
"15","105TMCACC:20100810:T:SR","REFERENCE",0.650814635234362,0.791446618260519,0.935885418138019,0.953125,0.474867156258424,0.761227765578265
"16","105WLCABC:20110803:T:SR","REFERENCE",0.586827783514521,0.600969787542975,0.947134040952178,0.953125,0.636451446741968,0.744901611750328
"17","107GWCAPC:20100915:T:SR","REFERENCE",0.853841194797101,0.739688383727793,0.688415716226524,0.85546875,0.250390982632467,0.677561005476777
"18","107WER092:20030812:R:SR","REFERENCE",0.558230315285573,0.949920375701962,0.755907453111477,0.92578125,0.948605045882495,0.827688887996301
"19","11850-ORDEQ:19990729:R:SR","REFERENCE",0.596596978726554,0.632440376927867,0.699664339040683,0.96875,0.754429077087851,0.730376154356591
"20","119633","REFERENCE",0.717047755219852,0.677468412659663,0.710912961854841,0.97265625,0.697028509620766,0.755022777871025
"21","119663","REFERENCE",0.633115590208288,0.740070036582976,0.339708408987598,0.96484375,0.660469175319114,0.667641392219595
"22","12092-ORDEQ:20070814:R:SR","REFERENCE",0.868258270718302,0.825206002203447,0.946421318294532,0.994221332644628,0.700344153880941,0.86689021554837
"23","12181-ORDEQ:20000927:R:SR","REFERENCE",0.815628301360145,0.703823243594456,0.849645976562801,0.97265625,0.641827675284873,0.796716289360455
"24","12265-ORDEQ:20020912:R:SR","REFERENCE",0.740226932079027,0.261569881297505,0.812150567182271,0.984375,0.526290060104475,0.664922488132656
"25","123287","REFERENCE",0.589120653300447,0.418479838346857,0.673417552474312,0.9765625,0.0518667169447914,0.541889452213281
"26","123306","REFERENCE",0.940568490801353,0.601703602113458,0.950883581890231,0.96484375,0,0.691599884961008
"27","123315","REFERENCE",1,0.72315290931521,0.875892763129172,0.9609375,0.862715679832863,0.884539770455449
"28","123438","REFERENCE",0.610913384542722,0.312370314748658,0.958382663766337,0.92578125,0,0.561489522611543
"29","123444","REFERENCE",0.864061616326983,0.727387393309121,0.793402862492007,0.95703125,0.677551475295755,0.803886919484773
"30","12521-ORDEQ:20070828:R:SR","REFERENCE",0.537379441206956,0.843965538038827,0.287214835854857,0.27734375,0.677090111785113,0.524598735377151
"31","125362","REFERENCE",0.674367854151736,0.838224534131886,0.815900108120324,0.98828125,0.710577625092089,0.805470274299207
"32","126606","REFERENCE",0.504469129555338,0.773801475463938,0.107236870828315,1,0.80748194227321,0.63859788362416
"33","127205","REFERENCE",0.786741049630544,0.767227103945844,0.864644140315013,1,0.699260995668242,0.823574657911929
"34","12871-ORDEQ:20000811:R:SR","REFERENCE",0.849036398187542,0.957316129288052,0.887141385943331,0.94140625,0.472539868826264,0.821488006449038
"35","12886-ORDEQ:19970812:R:SR","REFERENCE",0.837825071074527,0.842824446702532,0.982618826931143,0.981261322463768,0.792973988954196,0.887500731225233
"36","12889-ORDEQ:20160627:R:SR","REFERENCE",1,0.662979068938749,0.890890926881384,0.94140625,0.70304866644737,0.8396649824535
"37","130065","REFERENCE",0.881198280957086,0.868331836306089,0.887141385943331,1,0.715748877033654,0.870484076048032
"38","130067","REFERENCE",0.678705546251451,0.581763715929353,1,1,0.714780030194105,0.795049858474982
"39","130119","REFERENCE",0.69884106799519,0.782617860317442,0.82339918999643,0.9921875,0.714216315040521,0.802252386669917
"40","130124","REFERENCE",0.848286258208379,1,0.917137713447754,0.9921875,0.882683055852266,0.92805890550168
"41","13014-ORDEQ:20020911:R:SR","REFERENCE",0.777786529462096,0.842571912768894,1,0.98828125,0.405511818082627,0.802830302062723
"42","131083","REFERENCE",0.71676225915541,1,0.992128532208814,0.98828125,0.628930644559769,0.865220537184798
"43","13200-ORDEQ:19980713:R:SR","REFERENCE",0.617370952368163,0.734565852748957,1,1,0.799510435126646,0.830289448048753
"44","13215-ORDEQ:19980715:R:SR","REFERENCE",1,0.869097126511663,0.83161736191545,0.871468321917808,0.645894020037169,0.843615366076418
"45","13224-ORDEQ:19980715:R:SR","REFERENCE",0.817650286118364,0.681533250114898,0.930176774495309,0.914697772491349,0.86015670319378,0.84084295728274
"46","13226-ORDEQ:19980708:R:SR","REFERENCE",0.853141170169287,0.524244429565533,0.913779915592781,0.955806902985075,0.842550893255131,0.817904662313561
"47","13231-ORDEQ:19990805:R:SR","REFERENCE",1,0.729322355610935,0.617174438403517,0.92578125,0.733179944733685,0.801091597749627
"48","13244-ORDEQ:19990909:R:SR","REFERENCE",0.940760770755842,0.914487307975998,0.849645976562801,0.9375,0.698867145322463,0.868252240123421
"49","13270-ORDEQ:19990827:R:SR","REFERENCE",0.801607008206265,0.760207385021939,0.938963399505077,1,0.151020906242552,0.730359739795167
"50","134605","REFERENCE",0.632727395951157,0.803562939181555,0.15223136208495,1,0.664338211322581,0.650571981708049
"51","134734","REFERENCE",0.760905095360548,0.560852390169214,0.748408371235371,1,0.85387280223219,0.784807731799465
"52","140016","REFERENCE",0.897854619623623,0.511549860679064,0.932135877199966,1,0.50679633105237,0.769667337711005
"53","143095","REFERENCE",0.75560088081559,0.436109469537424,0.812150567182271,0.984375,0.898653305702555,0.777377844647568
"54","143170","REFERENCE",0.710428630358387,0.706808075237606,0.294713917730963,0.8984375,1,0.722077624665391
"55","144957","REFERENCE",0.770997983332424,0.538248582220893,0.51968637401414,0.65625,0.921363898354815,0.681309367584454
"56","148021","REFERENCE",0.60159858881448,0.878316134292843,0.725911125607053,0.88671875,0.73856709785426,0.766222339313727
"57","149814","REFERENCE",0.753874622774364,0.972746422344855,0.763406534987583,0.91796875,0.777441067773623,0.837087479576085
"58","149822","REFERENCE",0.28825158426279,0.971369532186179,0.523435914952193,0.953125,0.698289654728002,0.686894337225833
"59","150509","REFERENCE",0.714764571414985,0.928246809545217,1,0.984375,0.685523280821148,0.86258193235627
"60","151144","REFERENCE",0.808368636991021,0.669291497751695,0.872143222191119,0.95703125,0.674726133539631,0.796312148094693
"61","151682","REFERENCE",0.716844244008187,0.674310855401777,0.654669847784047,0.87109375,0.667994578567119,0.716982655152226
"62","152645","REFERENCE",0.656512991231836,0.716982104980885,0.662168929660153,0.88671875,0.886577293877427,0.76179201395006
"63","153187","REFERENCE",0.776111931809208,0.656099575584301,0.748408371235371,0.90625,0,0.617373975725776
"64","153188","REFERENCE",0.435926307722745,0.441493160017617,0.332209327111492,0.98828125,0.709195244713507,0.581421057913072
"65","153620","REFERENCE",0.802528257465722,0.94669830371793,0.830898271872536,1,0.698145723362996,0.855654111283837
"66","153706","REFERENCE",0.719195366727184,0.708328213099426,0.665918470598206,0.9609375,0.681910001023726,0.747257910289708
"67","155833","REFERENCE",0.571082916095571,0.321922583338854,1,0.9375,0,0.566101099886885
"68","155870","REFERENCE",0.654143283790811,0.210868111606251,0.25346896741238,0.3671875,1,0.497133572561888
"69","155884","REFERENCE",0.570918029772433,0.97820730127563,0.39220198212034,0.98046875,0.650950866120152,0.714549385857711
"70","164022","REFERENCE",0.544771675369834,1,0.365955195553969,0.94921875,1,0.771989124184761
"71","167361","REFERENCE",0.520334387342953,0.687697168118693,0,1,1,0.641606311092329
"72","17007-ORDEQ:19980824:R:SR","REFERENCE",0.601983617796489,0.516047233397072,0.755907453111477,0.90625,0.597226365277642,0.675482933916536
"73","17010-ORDEQ:19980825:R:SR","REFERENCE",0.605198119516458,0.553000889141605,0.778404698739795,0.859375,0.683542728065588,0.695904287092689
"74","171833","REFERENCE",0.564703303555388,0.896648506690999,0.332209327111492,0.95703125,1,0.750118477471576
"75","171837","REFERENCE",0.738887799599375,0.605850953196457,0.707163420916788,0.91796875,0.307477747907279,0.65546973432398
"76","171840","REFERENCE",0.78375530790781,0.538806591459748,0.478441423695558,0.8359375,0.570267564951502,0.641441677602923
"77","171842","REFERENCE",0.776275043174637,0.649998671124401,0.635922143093782,0.9609375,0.806214334685382,0.76586953841564
"78","171844","REFERENCE",0.880399557382275,1,0.928386336261913,0.94921875,0.68303446235755,0.888207821200348
"79","171847","REFERENCE",0.80900181455505,0.76248877112965,0.549682701518564,0.98828125,0.569483426994912,0.735787592839635
"80","171852","REFERENCE",0.413500847207407,0.78731575743374,0.215973558031851,0.84765625,0.99791659662781,0.652472601860162
"81","171869","REFERENCE",0.574740783009258,0.39517164437993,0.294713917730963,0.26953125,0.531771153253924,0.413185749674815
"82","171945","REFERENCE",0.499407001217966,0.986203159290603,0.0959882480141558,0.95703125,0.918622157309351,0.691450363166415
"83","171946","REFERENCE",0.475181670716066,0.990681096565074,0,0.05859375,1,0.504891303456228
"84","171970","REFERENCE",0.759064029156128,0.691578056350325,0.0659919205097321,0.6015625,1,0.623639301203237
"85","210808","REFERENCE",0.771200598717402,0.771168016465667,0.984629450332708,0.99609375,0.649011377900803,0.834420638683316
"86","21821-ORDEQ:19980813:R:SR-3","REFERENCE",0.342016706134304,0.432034107030355,0.688415716226524,0.99609375,0.674763268560906,0.626664709590418
"87","21842-ORDEQ:20070806:R:SR","REFERENCE",0.665467830937927,0.675113204160862,0.793402862492007,0.98046875,0.519147741512673,0.726720077820694
"88","21855-ORDEQ:19990727:R:SR","REFERENCE",0.677231733932358,0.764406651519214,0.982210804471643,0.979908809726962,0.75855486816152,0.83246257356234
"89","21857-ORDEQ:19980808:R:SR-1","REFERENCE",0.978857800265301,0.907710450371281,0.932135877199966,0.8671875,0.686007568049454,0.8743798391772
"90","21864-ORDEQ:19990922:R:SR","REFERENCE",0.881376812348663,0.723911767404984,0.335958868049545,0.95703125,0.714022117605746,0.722460163081788
"91","21868-ORDEQ:19990831:R:SR","REFERENCE",0.735707992170976,0.852622316956535,0.83004553346522,0.976471049331104,0.678551139028845,0.814679606190536
"92","21876-ORDEQ:19990928:R:SR","REFERENCE",0.8314818984468,0.811325608923223,0.569038439874459,0.849503800675676,0.673947316178555,0.747059412819743
"93","21878-ORDEQ:19980729:R:SR-3","REFERENCE",0.717909290661759,0.896675040806793,0.740909289359265,0.99609375,0.746494151954899,0.819616304556543
"94","21881-ORDEQ:19990713:R:SR","REFERENCE",0.786960453056095,0.938952040527651,0.632172602155729,0.80859375,0.729320653186835,0.779199899785262
"95","22946-ORDEQ:20000822:R:SR","REFERENCE",0.773120070496387,0.727191440402827,1,1,0.712663043162022,0.842594910812247
"96","23034-ORDEQ:20150917:R:SR","REFERENCE",0.705720724398249,0.808570851005542,0.883391845005278,0.93359375,1,0.866255434081814
"97","23048-ORDEQ:19990826:R:SR","REFERENCE",0.675069361697061,0.966434587846763,0.92463679532386,0.99609375,1,0.912446898973537
"98","23844-ORDEQ:20000711:R:SR","REFERENCE",0.981039874885431,0.87109368620849,0.650920306845994,0.91015625,0.739814225363585,0.8306048686607
"99","23856-ORDEQ:20000712:R:SR","REFERENCE",0.585885812776459,0.663290054523319,0.512187292138034,0.94140625,0.70829950826107,0.682213783539776
"100","23901-ORDEQ:20000907:R:SR","REFERENCE",0.596591354052107,0.683411265545222,0.969631286580496,0.953125,0.642314669346808,0.769014715104927
"101","23903-ORDEQ:20000822:R:SR","REFERENCE",0.72074611102297,0.771106710788589,0.959882480141558,0.99453125,0.703373164321619,0.829927943254947
"102","23925-ORDEQ:20000828:R:SR","REFERENCE",0.863729365765024,0.987951850250473,0.748408371235371,0.92578125,0.751818224498678,0.855537812349909
"103","23926-ORDEQ:20000823:R:SR","REFERENCE",0.719137473271216,0.941806848732116,0.669668011536259,0.91015625,0.649692194552427,0.778092155618404
"104","24043-ORDEQ:20000816:R:SR","REFERENCE",0.942155117579886,0.635113427423056,0.744658830297318,0.8515625,0.667937983240831,0.768285571708218
"105","24044-ORDEQ:20000913:R:SR","REFERENCE",0.594118098131077,0.350743829687221,0.542183619642458,0.95703125,0.648836137005372,0.618582586893226
"106","24046-ORDEQ:20000803:R:SR","REFERENCE",1,0.687712792535119,0.977130368456602,1,0.572654830445406,0.847499598287425
"107","24056-ORDEQ:20000913:R:SR","REFERENCE",0.852707167804708,0.55933869760876,0.590927651837147,0.9140625,0.733549960665491,0.730117195583221
"108","24062-ORDEQ:20000912:R:SR","REFERENCE",0.616047346160601,0.883301040391175,0.947134040952178,0.98828125,0.845752782254474,0.856103291951686
"109","24068-ORDEQ:20000808:R:SR","REFERENCE",0.818585539680918,0.335554607497577,0.729660666545106,0.96484375,0.590047873326601,0.687738487410041
"110","24412-ORDEQ:20000821:R:SR","REFERENCE",0.820251796041185,0.673940129912277,0.830898271872536,0.86328125,0.739770828209865,0.785628455207173
"111","24419-ORDEQ:20000815:R:SR","REFERENCE",0.715492825356561,0.797665564696724,0.527185455890246,0.89453125,0.766528160726307,0.740280651333968
"112","24422-ORDEQ:20000824:R:SR","REFERENCE",0.828888011521824,0.153607906765409,0.313461622421228,0.90625,0.625654512877993,0.565572410717291
"113","24426-ORDEQ:20010719:R:SR","REFERENCE",0.585914498102775,0.947383235729297,0.324710245235386,0.44921875,0.814581242143539,0.6243615942422
"114","24453-ORDEQ:20000829:R:SR","REFERENCE",0.692616647536085,0.560790975353814,0.665918470598206,0.9453125,0.692654446439536,0.711458607985528
"115","24455-ORDEQ:20000828:R:SR","REFERENCE",0.926140298626241,0.824185315775784,0.845896435624748,0.92578125,0.612213501668384,0.826843360339031
"116","25284-ORDEQ:20010807:R:SR","REFERENCE",0.967242054133318,0.796368292099827,0.98988904530042,0.931913929180887,0.588045914097897,0.85469184696247
"117","25374-ORDEQ:20010801:R:SR","REFERENCE",0.800603354663281,0.796650696171052,0.939634959076072,0.8828125,0.672499424068461,0.818440186795773
"118","25386-ORDEQ:20010906:R:SR","REFERENCE",0.618510680235407,0.675722216994881,0.530934996828299,0.7265625,0.667706861444615,0.64388745110064
"119","25417-ORDEQ:20010801:R:SR","REFERENCE",0.690826320043864,0.377554923249394,0.568430406208829,0.81640625,0.518461121763365,0.59433580425309
"120","25425-ORDEQ:20010730:R:SR","REFERENCE",1,0.733779048578821,0.564680865270776,0.9140625,0.898273707142205,0.82215922419836
"121","26806-ORDEQ:20020904:R:SR","REFERENCE",0.783437478104959,0.865396201841611,0.673417552474312,0.9296875,0.699897343422349,0.790367215168646
"122","26854-ORDEQ:20020813:R:SR","REFERENCE",0.577046774835256,0.739612757931815,0.778404698739795,0.96875,0.727070081880096,0.758176862677392
"123","26886-ORDEQ:20020716:R:SR","REFERENCE",0.7190301587143,0.951225361204555,0.969631286580496,0.62109375,0.829240654329158,0.818044242165702
"124","26895-ORDEQ:20020724:R:SR","REFERENCE",0.629161510472518,0.666112438936164,0.369704736492022,0.96484375,0.820992585571117,0.690163004294364
"125","26902-ORDEQ:20020716:R:SR","REFERENCE",0.506222519289591,0.488435415484594,0.684666175288471,0.828125,0.508541104713598,0.603198042955251
"126","26906-ORDEQ:20020723:R:SR","REFERENCE",0.6000493481638,0.830955225425236,0.875892763129172,0.53515625,1,0.768410717343642
"127","26929-ORDEQ:20020711:R:SR","REFERENCE",0.789242464105319,0.857135260405331,0.632172602155729,0.9375,0.928253760861031,0.828860817505482
"128","26936-ORDEQ:20030730:R:SR","REFERENCE",0.733661683628344,0.732706412135377,0.590927651837147,0.9765625,0.775406569035844,0.761852963327342
"129","26950-ORDEQ:20020731:R:SR","REFERENCE",0.898622601587007,0.47523710339119,0.943384500014125,0.93359375,0.631077872327785,0.776383165464021
"130","26952-ORDEQ:20020905:R:SR","REFERENCE",0.690342056276188,0.663007263030998,0.932135877199966,0.93359375,0.742141238691408,0.792244037039712
"131","26958-ORDEQ:20020910:R:SR","REFERENCE",0.863779399460029,0.522814856456005,0.639671684031835,0.95703125,0.658613522566202,0.728382142502814
"132","26966-ORDEQ:20020913:R:SR","REFERENCE",0.623330086437244,0.84385370072697,0.913388172509701,0.9453125,0.682647711518171,0.801706434238417
"133","29027-ORDEQ:20020808:R:SR","REFERENCE",0.63033356605078,0.752583858874728,0.868393681253066,0.99609375,0.536482291792666,0.756777429594248
"134","29879-ORDEQ:20030826:R:SR","REFERENCE",0.702993787410669,0.761142689269906,0.898390008757489,0.921875,0.666675793006638,0.79021545568894
"135","29900-ORDEQ:20030806:R:SR","REFERENCE",0.529388151414853,0.982970984788056,0.609675356527411,0.9921875,0.67425086761209,0.757694572068482
"136","30339-ORDEQ:20030924:R:SR","REFERENCE",0.777859742809605,0.73194645959897,0.875892763129172,0.98046875,0.68255001181763,0.809743545471075
"137","30354-ORDEQ:20030827:R:SR","REFERENCE",0.729120439173745,0.855009875552883,0.51968637401414,0.9296875,0.641512095215931,0.73500325679134
"138","30379-ORDEQ:20030723:R:SR","REFERENCE",0.82095793968021,0.624586411022452,0.830898271872536,1,0.975946924485713,0.850477909412182
"139","30383-ORDEQ:20030724:R:SR","REFERENCE",0.590817935829744,0.601977637126102,0.744658830297318,0.9375,0.761262886751557,0.727243458000944
"140","30387-ORDEQ:20030722:R:SR","REFERENCE",1,0.721898208606572,0.808401026244218,0.95703125,0.66286473062349,0.830039043094856
"141","30389-ORDEQ:20030728:R:SR","REFERENCE",0.74165410843113,0.633843578264579,0.763406534987583,0.9609375,0.134182674590473,0.646804879254753
"142","30392-ORDEQ:20030730:R:SR","REFERENCE",0.865589923084112,0.781278811020741,0.774655157801742,0.84375,0.797368317271308,0.812528441835581
"143","30396-ORDEQ:20030827:R:SR","REFERENCE",1,0.791630887454828,0.710912961854841,0.875,0.377792730876123,0.751067316037159
"144","30421-ORDEQ:20030730:R:SR","REFERENCE",0.916495677153846,0.836053827288412,0.677167093412365,0.890625,1,0.864068319570925
"145","30621-ORDEQ:20030924:R:SR","REFERENCE",1,0.91602283112021,0.842146894686695,0.94921875,0.487957785759268,0.839069252313235
"146","30623-ORDEQ:20030819:R:SR","REFERENCE",0.858859392494332,0.814436370682959,0.789653321553954,0.921875,0.727076428001753,0.8223801025466
"147","30625-ORDEQ:20030818:R:SR","REFERENCE",0.816122571951076,0.761877596531149,0.609675356527411,0.88671875,0.753293988109636,0.765537652623855
"148","30628-ORDEQ:20030902:R:SR","REFERENCE",0.799078116424157,0.695028531675545,0.812150567182271,0.94921875,0.690359755232346,0.789167144102864
"149","30629-ORDEQ:20030918:R:SR","REFERENCE",0.698884579424593,0.74233790338751,0.729660666545106,0.9375,0.599866764468066,0.741649982765055
"150","30727-ORDEQ:20030820:R:SR","REFERENCE",0.786113545732545,0.627571848601887,0.748408371235371,0.96484375,0.735343981988346,0.77245629951163
"151","31354-ORDEQ:20040707:R:SR","REFERENCE",0.970962381724891,0.772267441227719,0.950883581890231,0.99609375,0.676092341941623,0.873259899356893
"152","31387-ORDEQ:20040708:R:SR","REFERENCE",0.882978881464493,0.427430690248155,0.75965699404953,0.97265625,0.640103484275859,0.736565260007607
"153","31467-ORDEQ:20070918:R:SR","REFERENCE",0.442822035217664,0.288882831210565,1,0.9921875,0.814981398118956,0.707774752909437
"154","31477-ORDEQ:20040715:R:SR","REFERENCE",0.849576138234268,0.626209668547075,0.82339918999643,0.98828125,0.708805324058091,0.799254314167173
"155","31480-ORDEQ:20040804:R:SR","REFERENCE",0.5302316922998,0.79907916159634,0.92463679532386,0.94140625,0.674688686172028,0.774008517078406
"156","31485-ORDEQ:20040802:R:SR","REFERENCE",1,0.706601972668411,0.707163420916788,0.94921875,0.708096692450346,0.814216167207109
"157","31488-ORDEQ:20040630:R:SR","REFERENCE",0.809922110404165,1,0.632172602155729,0.9921875,1,0.886856442511979
"158","31489-ORDEQ:20040630:R:SR","REFERENCE",0.817727072544738,0.831955715619847,0.680916634350418,0.9921875,0.836530503007736,0.831863485104548
"159","31490-ORDEQ:20040628:R:SR","REFERENCE",0.61812289138894,0.895952805464063,0.41844876868671,0.99609375,0.905346023299538,0.76679284776785
"160","31495-ORDEQ:20040624:R:SR","REFERENCE",0.722789306872442,0.378524073112363,0.774655157801742,0.90625,0.172744600840275,0.590992627725364
"161","31497-ORDEQ:20040624:R:SR","REFERENCE",0.8614573419279,1,0.485940505571664,0.90234375,0.859816807012687,0.82191168090245
"162","31730-ORDEQ:20040901:R:SR","REFERENCE",0.78612710756469,0.79473852304043,0.654669847784047,0.8828125,0.76130123090558,0.77592984185895
"163","31803-ORDEQ:20040929:R:SR","REFERENCE",0.518145589809959,0.784942513988097,0.459693719005293,0.79296875,0.53813406556413,0.618776927673496
"164","32149-ORDEQ:20050803:R:SR","REFERENCE",0.52121371691251,0.199772712107974,0.984629450332708,0.95703125,0.490260051756983,0.630581436222035
"165","32481-ORDEQ:20050713:R:SR","REFERENCE",0.952101216431525,0.9313156829147,0.643421224969888,0.8046875,0.697100136475739,0.80572515215837
"166","32485-ORDEQ:20050713:R:SR","REFERENCE",0.562843359501223,0.471858796575937,0.902139549695542,0.93359375,0.690418019213869,0.712170694997314
"167","32486-ORDEQ:20050713:R:SR","REFERENCE",0.654453296422278,0.648328656010112,0.609675356527411,0.77734375,0.658917467172194,0.669743705226399
"168","32487-ORDEQ:20050713:R:SR","REFERENCE",0.847528099335954,0.553248078347253,0.890890926881384,0.93359375,0.616396444281676,0.768331459769253
"169","32488-ORDEQ:20050728:R:SR","REFERENCE",0.64164556478018,0.368441006755538,0.800901944368113,0.96484375,0.591688046483908,0.673504062477548
"170","32489-ORDEQ:20050728:R:SR","REFERENCE",0.695080691234184,0.608218232589942,0.999627614084919,0.99609375,0.628961015304969,0.785596260642803
"171","32490-ORDEQ:20050729:R:SR","REFERENCE",0.786766182858504,0.68170049542511,0.770905616863689,0.9609375,0.581196192308868,0.756301197491234
"172","32556-ORDEQ:20050803:R:SR","REFERENCE",0.970825424539683,0.373646484285886,0.800901944368113,0.8984375,0.248917783241489,0.658545827287034
"173","32576-ORDEQ:20050907:R:SR","REFERENCE",0.656266659642201,0.805627840326673,0.819649649058377,0.58203125,0.760058498822621,0.724726779569975
"174","32577-ORDEQ:20050907:R:SR","REFERENCE",0.711856261198369,0.713047066365181,0.69591479810263,0.6875,0.358717092705059,0.633407043674248
"175","32585-ORDEQ:20050915:R:SR","REFERENCE",0.689531342447142,0.689736480943372,0.845896435624748,0.9296875,0.748123608612515,0.780595073525555
"176","33336-ORDEQ:20060818:R:SR","REFERENCE",1,0.730747629167188,0.763406534987583,0.875,0.653158727994718,0.804462578429898
"177","33342-ORDEQ:20060906:R:SR","REFERENCE",0.990462008321483,0.723276370893344,0.849645976562801,0.9296875,0.581575529736448,0.814929477102815
"178","33419-ORDEQ:20060919:R:SR","REFERENCE",0.829673406416311,0.749054922274411,0.797152403430059,0.84375,0.699051455931435,0.783736437610443
"179","34468-ORDEQ:20070924:R:SR","REFERENCE",0.84327364315167,0.308846093519765,0.977130368456602,1,0.714746364562586,0.768799293938124
"180","34470-ORDEQ:20070731:R:SR","REFERENCE",1,0.58352632396465,1,0.94921875,0.708826318139055,0.848314278420741
"181","34471-ORDEQ:20070905:R:SR","REFERENCE",0.841181744428694,0.763599114128844,0.920887254385807,0.98828125,0.325760683393612,0.767942009267391
"182","34477-ORDEQ:20070821:R:SR","REFERENCE",0.861246823264513,0.654879447027615,0.864644140315013,0.984375,0.225650846365167,0.718159251394462
"183","34614-ORDEQ:20070827:R:SR","REFERENCE",0.865773636096391,0.351246468219851,0.894640467819437,0.9921875,0.77801495932005,0.776372606291146
"184","34636-ORDEQ:20070816:R:SR","REFERENCE",0.519456112527929,0.143416135731744,0.55718178339467,0.9921875,0.72220802580314,0.586889911491497
"185","34643-ORDEQ:20070918:R:SR","REFERENCE",0.821537086699456,0.519570173602963,0.572179947146882,0.86328125,0.643667711715827,0.684047233833026
"186","34661-ORDEQ:20070912:R:SR","REFERENCE",0.874462613184741,0.571216800043517,0.800901944368113,1,0.679328776376973,0.785182026794669
"187","35615-ORDEQ:20000628:R:SR","REFERENCE",0.800098951297905,0.473506238301377,0.92463679532386,0.99609375,0.0474475504042481,0.648356657065478
"188","35619-ORDEQ:20000703:R:SR","REFERENCE",0.804416000438394,0.629652154872004,0.849645976562801,0.9609375,0.748351329906449,0.79860059235593
"189","35622-ORDEQ:20000706:R:SR","REFERENCE",0.543075567257092,0.637973645717328,0.827148730934483,0.9375,0.0400685557478239,0.597153299931345
"190","35623-ORDEQ:20000707:R:SR","REFERENCE",0.936455539096595,0.773645990435164,0.6584193887221,0.9140625,0,0.656516683650772
"191","35624-ORDEQ:20000723:R:SR","REFERENCE",0.681479450692022,0.852954147973759,0.635922143093782,0.91015625,0.797460233832839,0.77559444511848
"192","35626-ORDEQ:20000728:R:SR","REFERENCE",0.796563726429005,0.767460591245295,0.710912961854841,0.89453125,0.629448155410649,0.759783336987958
"193","35627-ORDEQ:20000729:R:SR","REFERENCE",0.509118086840132,1,1,1,0.720524568308674,0.845928531029761
"194","35629-ORDEQ:20000802:R:SR","REFERENCE",0.563167551142518,0.627469627990342,0.598426733713253,0.84375,0.7356285490209,0.673688492373403
"195","35634-ORDEQ:20000813:R:SR","REFERENCE",0.896360238301509,0.800894005495444,0.703413879978736,0.98046875,0.926027579925906,0.861432890740319
"196","35694-ORDEQ:20150818:R:SR","REFERENCE",0.909102390524552,0.669692686575974,0.815900108120324,0.93359375,0.477564211916282,0.761170629427426
"197","35696-ORDEQ:19980727:R:SR-1","REFERENCE",0.600639819242132,0.782425904901573,1,0.999892979452055,0.722905584642705,0.821172857647693
"198","35702-ORDEQ:19980729:R:SR-3","REFERENCE",0.605605346102609,0.814369936011735,0.890890926881384,0.9921875,0.600898335325323,0.78079040886421
"199","35704-ORDEQ:19980728:R:SR-1","REFERENCE",0.628889581741933,0.805153009715021,0.950883581890231,0.98828125,0.740094274652662,0.822660339599969
"200","35708-ORDEQ:19980807:R:SR-2","REFERENCE",0.723891456736529,0.826000240841542,0.86089459937696,0.97265625,0.668383828172267,0.81036527502546
"201","35709-ORDEQ:19980807:R:SR-3","REFERENCE",0.496296551882649,0.776189530195815,0.797152403430059,0.98046875,0.677642269770702,0.745549901055845
"202","35711-ORDEQ:19980808:R:SR-2","REFERENCE",0.789141418464095,0.735438253737615,0.692165257164577,0.93359375,0.61657630271675,0.753382996416607
"203","35713-ORDEQ:19980809:R:SR","REFERENCE",0.737077189263909,0.929624942106687,0.853395517500854,0.9921875,0.68698771641136,0.839854573056562
"204","35714-ORDEQ:19980811:R:SR-1","REFERENCE",0.753760067926734,0.861007008227221,0.98837899127076,0.96484375,0.725216753624903,0.858641314209924
"205","35715-ORDEQ:19980728:R:SR-1","REFERENCE",0.704313363154718,0.893106850956739,0.917137713447754,0.9765625,0.743470400904344,0.846918165692711
"206","35716-ORDEQ:19980811:R:SR-1","REFERENCE",0.733963597099775,0.72137113835699,0.932135877199966,0.9609375,0.702509752189403,0.810183572969227
"207","35717-ORDEQ:19980811:R:SR-1","REFERENCE",0.393794220064878,0.844565643785766,1,1,0.69922213774229,0.787516400318587
"208","35721-ORDEQ:19980729:R:SR-3","REFERENCE",0.662583312359415,0.634395358695081,0.947134040952178,1,0.666148241679658,0.782052190737267
"209","35722-ORDEQ:19980729:R:SR-3","REFERENCE",0.540978922289792,0.565500123574785,0.887141385943331,0.99609375,0.47307517552994,0.692557871467569
"210","35733-ORDEQ:19980809:R:SR-1","REFERENCE",0.32792035350691,0.994544355343353,0.875892763129172,0.99609375,0.599570667508148,0.758804377897517
"211","35734-ORDEQ:19980808:R:SR-2","REFERENCE",0.500116900647602,0.744988944136883,0.677167093412365,1,0.682278186801866,0.720910224999743
"212","35748-ORDEQ:19990704:R:SR","REFERENCE",0.967362570362866,1,0.650920306845994,0.98046875,0.782706265586968,0.876291578559166
"213","35749-ORDEQ:19990703:R:SR","REFERENCE",0.634079038160809,0.548688182726795,0.699664339040683,0.91796875,0.500813311587889,0.660242724303235
"214","35758-ORDEQ:19990808:R:SR","REFERENCE",0.656827084040421,0.848375528888935,0.613424897465464,0.84375,0.708401183805125,0.734155738839989
"215","35763-ORDEQ:19990805:R:SR","REFERENCE",0.894951457952305,0.6376964280904,0.905889090633595,0.984375,0.739038785358486,0.832390152406957
"216","35767-ORDEQ:19990817:R:SR","REFERENCE",0.598731079597415,0.744017143274668,0.643421224969888,1,0.667406345598536,0.730715158688101
"217","35769-ORDEQ:19990816:R:SR","REFERENCE",0.571484603349511,0.626611369010656,0.523435914952193,0.99609375,0.626836206834869,0.668892368829446
"218","35770-ORDEQ:19990819:R:SR","REFERENCE",0.75117185108792,0.405475687129585,0.669668011536259,0.9609375,0.627330361013578,0.682916682153468
"219","35772-ORDEQ:19990817:R:SR","REFERENCE",0.418614747275716,0.241948764516592,0.692165257164577,0.91796875,0.252869604796112,0.504713424750599
"220","35773-ORDEQ:19990818:R:SR","REFERENCE",0.789834433604693,0.849316757418351,0.755907453111477,0.96875,0.692493555143009,0.811260439855506
"221","35791-ORDEQ:19990809:R:SR","REFERENCE",0.950859685621109,0.576529834245069,0.703413879978736,0.97265625,0.536665606909668,0.748025051350916
"222","35792-ORDEQ:19990811:R:SR","REFERENCE",0.623716724479552,0.674602579530367,0.894000914013949,0.980390363712375,0.417215037160932,0.717985123779435
"223","35794-ORDEQ:20150819:R:SR","REFERENCE",0.794281429881165,0.448348548738454,0.947134040952178,0.98828125,0.789515335809185,0.793512121076196
"224","35830-ORDEQ:20000720:R:SR","REFERENCE",0.50725839980976,1,0.317211163359281,0.953125,0.803086573369691,0.716136227307746
"225","35847-ORDEQ:20020613:R:SR","REFERENCE",0.567271383065295,0.664747585846041,0.545933160580511,0.921875,0.728941447451373,0.685753715388644
"226","35853-ORDEQ:20010613:R:SR","REFERENCE",0.735323820746858,0.514829396530675,0.669668011536259,0.953125,0.471919978121644,0.668973241387087
"227","35883-ORDEQ:20020816:R:SR","REFERENCE",0.491328044732656,0.766635423916103,0.842146894686695,0.92578125,0.688391652457874,0.742856653158666
"228","35939-ORDEQ:20090812:T:SR","REFERENCE",0.685223186577029,0.811541615673643,1,0.95703125,0.674720269750518,0.825703264400238
"229","35940-ORDEQ:20090813:T:SR","REFERENCE",0.736014853832772,0.611705031103756,0.82339918999643,0.86328125,0.7054747966282,0.747975024312232
"230","35952-ORDEQ:20090818:R:SR","REFERENCE",0.760478058921061,0.780847675943609,0.560931324332723,0.68359375,0.851129240846455,0.72739601000877
"231","35953-ORDEQ:20090818:R:SR","REFERENCE",0.72265784012815,0.659013582440396,0.699664339040683,0.9609375,0.501193050579991,0.708693262437844
"232","37278-ORDEQ:20140915:R:SR","REFERENCE",0.947810117837365,1,0.905889090633595,0.94921875,0.709315262045648,0.902446644103322
"233","38114-ORDEQ:20150630:R:SR","REFERENCE",0.999694355753354,0.712576153635879,0.785903780615901,0.8984375,0.691203373205994,0.817563032642225
"234","38116-ORDEQ:20150706:R:SR","REFERENCE",0.737120962854212,1,0.92463679532386,0.96875,0.73476880849892,0.873055313335398
"235","38117-ORDEQ:20150820:R:SR","REFERENCE",0.845320186280569,0.747540683154925,0.864644140315013,0.921875,0.275916519461658,0.731059305842433
"236","38119-ORDEQ:20150819:R:SR","REFERENCE",0.562888483730482,0.851771179559581,0.883391845005278,0.91015625,0.647792556914789,0.771200063042026
"237","38120-ORDEQ:20150707:R:SR","REFERENCE",0.768447471222421,0.66821955158094,0.767156075925636,0.89453125,0.239690203503101,0.66760891044642
"238","38128-ORDEQ:20150929:R:SR","REFERENCE",0.652913568658209,0.600359257971353,0.684666175288471,0.9921875,0.571511558982681,0.700327612180143
"239","38130-ORDEQ:20151005:R:SR","REFERENCE",0.742685669255972,0.636006297486015,0.842146894686695,0.63671875,0.884033920308973,0.748318306347531
"240","38131-ORDEQ:20151006:R:SR","REFERENCE",0.781229920924054,0.998069646238599,0.879642304067225,0.92578125,0.742148207788785,0.865374265803733
"241","38503-ORDEQ:20150729:R:SR","REFERENCE",0.683320743073447,0.677908271060342,0.965881745642443,0.85546875,0.413762609966314,0.719268423948509
"242","38552-ORDEQ:20160802:R:SR","REFERENCE",0.968183765697423,0.740946137848016,0.669668011536259,0.94921875,0.536055214368394,0.772814375890018
"243","38558-ORDEQ:20160720:R:SR","REFERENCE",0.640440239978129,0.401259953471171,0.804651485306165,0.9453125,0.605917851262171,0.679516406003527
"244","38583-ORDEQ:20160818:R:SR","REFERENCE",0.862911192737012,0.669499570469734,0.866287774698817,0.843375428082192,0.718608387628161,0.792136470723183
"245","38606-ORDEQ:20160927:R:SR","REFERENCE",0.937350065628076,0.742807499417811,0.707163420916788,0.8359375,0.504745764516355,0.745600850095806
"246","505BMCMCR:20100804:T:QCFR","REFERENCE",0.830492886234647,0.639195680118998,1,0.8828125,0.775289309844647,0.825558075239659
"247","505PS0110:20100803:T:SR","REFERENCE",0.794248149499468,0.60848210381433,0.770905616863689,0.9921875,0.850546195365965,0.80327391310869
"248","526CE0061:20040803:R:SR","REFERENCE",0.788644258301034,0.794715904736963,0.838397353748642,0.828125,0.413901515346295,0.732756806426587
"249","526PNCAMF:20130625:T:SR","REFERENCE",0.748441322324144,0.785865203661152,0.748408371235371,0.7890625,0.801746520260829,0.774704783496299
"250","526PS0076:20080826:T:SR","REFERENCE",0.854380862449423,0.691752714474513,0.714662502792894,0.94140625,0.0853355419706809,0.657507574337502
"251","526PS1612:20150804:T:SR","REFERENCE",0.587994021774531,1,0.890890926881384,0.9921875,1,0.894214489731183
"252","639PS1279:20130611:T:SR","REFERENCE",0.368828051835663,0.218635456387837,0.707163420916788,0.6171875,0.810811341730461,0.54452515417415
"253","PIBO:0904:20000820:R:SR","REFERENCE",0.524404902802401,0.855127920304344,0.504688210261929,0.91796875,0.548689213943613,0.670175799462457
"254","PIBO_1432:20100804:R:SR","REFERENCE",0.733227699650968,0.682182470715168,0.999627614084919,0.9765625,0.770364448636017,0.832392946617415
"255","dfw_2150:20090922:R:SR","REFERENCE",0.549334386962562,0.748429810872124,0.800901944368113,0.640625,0.613298675382001,0.67051796351696
"256","dfw_8008:20090818:R:SR","REFERENCE",0.97470958690427,0.766194667935037,0.86089459937696,0.953125,0.78372531734671,0.867729834312595
"257","10741-ORDEQ:20020912:R:SR","MOST DISTURBED",0.848068779906901,0.258114936906871,0.838397353748642,0.9453125,0.475411851049779,0.673061084322438
"258","11494-ORDEQ:20180814:R:SR","MOST DISTURBED",0.777655307382674,0.12170800284383,0.579679029022988,0.984375,0.55767485282853,0.604218438415604
"259","11972-ORDEQ:20080722:R:SR","MOST DISTURBED",0.340995134750666,0.908488154874381,0.534684537766352,0.69140625,0.937695370603234,0.682653889598927
"260","12012-ORDEQ:20070723:R:SR","MOST DISTURBED",0.0719425834531315,0.573258391055792,0.849645976562801,0.9765625,0.780246834156712,0.650331257045687
"261","126608","MOST DISTURBED",0.768436472946466,1,0.598426733713253,0.8125,0.715107532365917,0.778894147805127
"262","130068","MOST DISTURBED",0.474898516180771,0.35878539889449,0.755907453111477,1,0.581769426260499,0.634272158889447
"263","13062-ORDEQ:20180911:R:SR","MOST DISTURBED",0.644340844122942,0.388930118234865,0.827148730934483,0.9609375,0.772206500285425,0.718712738715543
"264","13082-ORDEQ:20140818:R:SR","MOST DISTURBED",0.208552723397061,0.363560617076342,0.647170765907941,0.7265625,0.423250548447304,0.47381943096573
"265","131139","MOST DISTURBED",0.136901012668463,0.850897601798778,1,0.984375,0,0.594434722893448
"266","13138-ORDEQ:20000705:R:SR","MOST DISTURBED",0.124322324567953,0.924862149242042,1,0.99609375,0.706813487948456,0.75041834235169
"267","13141-ORDEQ:20000705:R:SR","MOST DISTURBED",0.367662557542385,0.877721096413379,1,0.94140625,0,0.637357980791153
"268","13181-ORDEQ:20050617:R:SR","MOST DISTURBED",0.589084464252842,0.930975023614134,0.875892763129172,0.6640625,0,0.61200295019923
"269","13196-ORDEQ:20000627:R:SR","MOST DISTURBED",0.618571899052688,0.311056636876668,0.800901944368113,0.9921875,0.758092970215096,0.696162190102513
"270","13198-ORDEQ:19980806:R:SR","MOST DISTURBED",0.814421166749683,0.887349316076079,0.913388172509701,0.9765625,0.642857287767076,0.846915688620508
"271","13222-ORDEQ:19980709:R:SR","MOST DISTURBED",0.786526831103022,0.915423632364399,1,0.95703125,0.793973631832005,0.890591069059885
"272","13229-ORDEQ:20070815:R:SR","MOST DISTURBED",1,1,0.827148730934483,0.97265625,0.817275359807179,0.923416068148332
"273","134513","MOST DISTURBED",0.468341138860667,0.744145135253787,0.707163420916788,0.9765625,0,0.579242439006248
"274","145608","MOST DISTURBED",0.538599831609346,0.774866811032626,0.718412043730947,0.95703125,0.661438942456137,0.730069775765811
"275","146644","MOST DISTURBED",0.655050849567464,0.669899176327673,0.395951523058393,0.80078125,1,0.704336559790706
"276","146662","MOST DISTURBED",0.472308786277724,0.66379640559956,0.564680865270776,0.984375,0.880527689410804,0.713137749311773
"277","149517","MOST DISTURBED",0.791611912997196,1,0.617174438403517,0.96875,0.627845199512381,0.801076310182619
"278","150903","MOST DISTURBED",0.702258681109146,0.928571409940443,0.624673520279623,0.96484375,0.728522477494871,0.789773967764817
"279","151252","MOST DISTURBED",0.636239444163849,0.73595268837943,0.752157912173424,0.94921875,0.791006627944802,0.772915084532301
"280","153659","MOST DISTURBED",0.964202688080972,1,0.797152403430059,0.94921875,0.659873513148668,0.87408947093194
"281","158395","MOST DISTURBED",0.479255000594933,0.434521858923575,0,0,1,0.382755371903702
"282","158402","MOST DISTURBED",0.305875226167518,0.7402161513641,1,0.9765625,0.715870425883232,0.74770486068297
"283","158419","MOST DISTURBED",0.484842172980514,0.728030573924306,0.815900108120324,0.875,0.860694219839405,0.75289341497291
"284","167710","MOST DISTURBED",0.533310893425428,0.169566669334199,0.647170765907941,0.98046875,0.670095052965535,0.600122426326621
"285","16997-ORDEQ:19980727:R:SR","MOST DISTURBED",0.601402669316457,0.28495627785053,0.744658830297318,0.9296875,0.727666204401533,0.657674296373168
"286","17020-ORDEQ:19980818:R:SR","MOST DISTURBED",0.233589295870827,0.705366577236765,0.278080048200406,0.606727139261745,0.902079670724925,0.545168546258934
"287","171857","MOST DISTURBED",0.89333242646306,0.258722803024693,0.407200145872552,0.984375,0.9721524341555,0.703156561903161
"288","171866","MOST DISTURBED",0.753668217289444,0,0.489690046509717,0.7421875,0.107720080128221,0.418653168785476
"289","171964","MOST DISTURBED",0.657719856916522,0.38504058964177,0.470942341819452,0.49609375,0.68100196363283,0.538159700402115
"290","184909","MOST DISTURBED",0.609334189034096,0.0466348017226538,0.538434078704405,0.98046875,1,0.634974363892231
"291","185011","MOST DISTURBED",1,1,0.827148730934483,0.9765625,0.58559710793802,0.877861667774501
"292","185193","MOST DISTURBED",0.828910063787426,0.951340861600029,0.827148730934483,0.9453125,0.398455628195168,0.790233556903421
"293","210782","MOST DISTURBED",1,1,0.797440829656064,0.960980425824176,0.423278360962535,0.836339923288555
"294","21794-ORDEQ:20000725:R:SR","MOST DISTURBED",0.488107648732897,0.444265195929359,0.943384500014125,0.84765625,0.267334846550583,0.598149688245393
"295","21798-ORDEQ:19990914:R:SR","MOST DISTURBED",0.948441576790566,0.8762558168432,0.774655157801742,0.890625,0.880336525561777,0.874062815399457
"296","21810-ORDEQ:19990824:R:SR","MOST DISTURBED",0.339364284432713,0.629011016093362,0.523435914952193,0.84375,0.751505305408534,0.61741330417736
"297","21838-ORDEQ:19990805:R:SR","MOST DISTURBED",0.57006165232653,1,0.542183619642458,0.95703125,0.789662314425838,0.771787767278965
"298","21839-ORDEQ:20000912:R:SR","MOST DISTURBED",0.778455632075744,0.782210623569127,0.86089459937696,0.78515625,0.789827931032369,0.79930900721084
"299","23040-ORDEQ:19990824:R:SR","MOST DISTURBED",0.408464016423032,0.364465543394958,0.6584193887221,0.88671875,1,0.663613539708018
"300","23846-ORDEQ:20000628:R:SR","MOST DISTURBED",0.564236647602914,0.973904018423147,0.729660666545106,0.99609375,0.904378242629959,0.833654665040225
"301","23850-ORDEQ:20000802:R:SR","MOST DISTURBED",0.727593487784574,0.809940849936481,0.800901944368113,0.68359375,0.91948547233947,0.788303100885728
"302","23860-ORDEQ:20000724:R:SR","MOST DISTURBED",0.133692163663231,1,0.363827077724263,0.596125422297297,0.926671818798016,0.604063296496562
"303","23862-ORDEQ:20000801:R:SR","MOST DISTURBED",0.0747172940635382,0.736577354817091,0.287214835854857,0.11328125,0.834404345431514,0.4092390160334
"304","23864-ORDEQ:20000706:R:SR","MOST DISTURBED",0.864868048228411,0.657875711065029,0.928386336261913,0.9765625,0.755036110509457,0.836545741212962
"305","24135-ORDEQ:20000814:R:SR","MOST DISTURBED",0.67619150183723,0.681755091547404,0.849645976562801,1,0.679756315326267,0.77746977705474
"306","24136-ORDEQ:20000814:R:SR","MOST DISTURBED",0.628817565170571,0.245227346102364,0.583428569961041,0.98046875,0.381379498934619,0.563864346033719
"307","24413-ORDEQ:20000628:R:SR","MOST DISTURBED",0.506356561781477,0.558410605995914,0.96213220470439,0.828125,0.636525095385482,0.698309893573453
"308","24418-ORDEQ:20000816:T:SR","MOST DISTURBED",0.246149108388953,0.103813268325016,0,0.765625,0.971164901092093,0.417350455561213
"309","24431-ORDEQ:20000814:R:SR","MOST DISTURBED",0.716668300700877,0.834712932182725,0.320960704297333,0.63671875,1,0.701812137436187
"310","25124-ORDEQ:20020724:R:QCFR","MOST DISTURBED",0.485993583505921,0.696245896090181,0.913388172509701,0.94921875,0.171774064582604,0.643324093337682
"311","25282-ORDEQ:20010827:R:SR","MOST DISTURBED",0.177642069685483,0.291150474918121,0.242220344598221,0.80078125,0.525769870707745,0.407512801981914
"312","25295-ORDEQ:20010709:R:SR","MOST DISTURBED",0.771184757741535,0.77464567380833,0.312181291369209,0.843845274390244,0.838596714532834,0.708090742368431
"313","25356-ORDEQ:20010905:R:SR","MOST DISTURBED",0.708181838861157,0.807939502320357,0.587178110899094,0.77734375,0.652517669188413,0.706632174253804
"314","25363-ORDEQ:20010919:R:SR","MOST DISTURBED",0.720273536936168,0.624277288627687,0.887141385943331,0.99609375,0.505501217074506,0.746657435716338
"315","25377-ORDEQ:20010702:R:SR","MOST DISTURBED",0.821155974544194,0.954625651407567,0.75965699404953,0.890625,0.769003404639977,0.839013404928254
"316","25381-ORDEQ:20010703:T:SR","MOST DISTURBED",0,0.314155458334414,0,0.25390625,0.884412632149095,0.290494868096702
"317","25412-ORDEQ:20010717:R:SR","MOST DISTURBED",0.874139734295294,0.907787123346542,0.538434078704405,0.48046875,0.932749776831633,0.746715892635575
"318","25780-ORDEQ:20010703:R:SR","MOST DISTURBED",0.685969053511996,0.54863219741422,0.654669847784047,0.859375,0.0824406432080435,0.566217348383661
"319","26802-ORDEQ:20020819:R:SR","MOST DISTURBED",0.25055844443379,0.804957389629367,0.680916634350418,0.1015625,0.837043639863241,0.535007721655363
"320","26814-ORDEQ:20020819:R:SR","MOST DISTURBED",0.154674261040973,0.869963603274082,0.748408371235371,0.828125,0.85198084826924,0.690630416763933
"321","26834-ORDEQ:20020807:R:SR","MOST DISTURBED",0.617933904368119,1,0.560931324332723,0.96875,0.560618071352029,0.741646660010574
"322","26890-ORDEQ:20020724:R:SR","MOST DISTURBED",0.649818538130697,0.437484824422503,0.6584193887221,0.97265625,0.604689707477015,0.664613741750463
"323","26934-ORDEQ:20020716:R:SR","MOST DISTURBED",0.599360331302539,0.0956588986645899,0.864644140315013,0.9296875,0.271543094047367,0.552178792865902
"324","28337-ORDEQ:20160919:R:SR","MOST DISTURBED",0.690725700272694,0,0.977130368456602,0.984375,0,0.530446213745859
"325","29026-ORDEQ:20020812:R:SR","MOST DISTURBED",0.617764024126665,0.956321720060433,0.662168929660153,0.87890625,0.773813333744527,0.777794851518356
"326","29875-ORDEQ:20030818:R:SR","MOST DISTURBED",0.18631728734904,0.875897825338873,0.973380827518549,0.93359375,0.88472536563483,0.770783011168258
"327","29955-ORDEQ:20030827:R:SR","MOST DISTURBED",0.769255673221919,0.763111209242689,0.669668011536259,0.96484375,0.882804917750596,0.809936712350293
"328","29986-ORDEQ:20030715:R:SR","MOST DISTURBED",1,0.820422078299693,0.830898271872536,0.921875,0.649525118058714,0.844544093646189
"329","29989-ORDEQ:20030825:R:SR","MOST DISTURBED",0.231343101567164,0.809702413065002,0.335958868049545,0.78515625,0.496811630868044,0.531794452709951
"330","30336-ORDEQ:20030930:R:SR","MOST DISTURBED",0.754536494079095,0.95839905539524,0.572179947146882,0.9296875,0.329774950030693,0.708915589330382
"331","30346-ORDEQ:20030811:R:SR","MOST DISTURBED",0.152073205788497,0.475055256423162,0.827148730934483,0.22265625,0.868757458135,0.509138180256228
"332","30348-ORDEQ:20030714:R:SR","MOST DISTURBED",0.394488535226126,0.737157729502448,0.163479984899109,0.828125,0.823445459339829,0.589339341793502
"333","30356-ORDEQ:20030925:R:SR","MOST DISTURBED",0.864056398185911,0.810429940400627,0.819649649058377,0.95703125,0.882103689991031,0.866654185527189
"334","30365-ORDEQ:20030701:R:SR","MOST DISTURBED",0.0964544147366293,0.945022212636219,0.504688210261929,0.625,0.878216104434552,0.609876188413866
"335","30407-ORDEQ:20030623:R:SR","MOST DISTURBED",0.433455287499077,0.312726667497174,0.677167093412365,0.56640625,0.797154703992541,0.557382000480231
"336","30413-ORDEQ:20030825:R:SR","MOST DISTURBED",0.869496341028899,0.161958893730493,0.662168929660153,0.94140625,0.779697127973335,0.682945508478576
"337","30429-ORDEQ:20030721:R:SR","MOST DISTURBED",0.765744814898548,0.497508822129693,0.347207490863704,0.6796875,0.876411940550647,0.633312113688518
"338","31367-ORDEQ:20040819:R:SR","MOST DISTURBED",0.0779299181852473,0.797918107630081,0,0.125,0.873155107602017,0.374800626683469
"339","31400-ORDEQ:20040816:R:SR","MOST DISTURBED",0.343879323738898,0.759549501244608,0.414699227748658,0.984375,0.791173125490729,0.658735235644579
"340","31401-ORDEQ:20040823:R:SR","MOST DISTURBED",0.568321323630751,0.71340378888103,0.958382663766337,0.21875,0.73493747817973,0.63875905089157
"341","31499-ORDEQ:20070723:R:SR","MOST DISTURBED",0.639731426904838,0.701283942242178,0.830898271872536,0.91796875,0.500119558301668,0.718000389864244
"342","31532-ORDEQ:20040608:R:SR","MOST DISTURBED",0.876023517417189,0.59981053291088,0.984629450332708,0.984375,0,0.688967700132155
"343","31534-ORDEQ:20040608:R:SR","MOST DISTURBED",0.714274876854622,0.643558445195921,0.673417552474312,0.9765625,0.98741294731999,0.799045264368969
"344","31925-ORDEQ:20040812:R:SR","MOST DISTURBED",0.0534898141148075,0.952172295610431,0.170979066775215,0,0.768540911456847,0.38903641759146
"345","31928-ORDEQ:20040812:R:SR","MOST DISTURBED",0,0.0867012735866438,0.797152403430059,0,0.777350305421225,0.332240796487586
"346","32448-ORDEQ:20050721:R:SR","MOST DISTURBED",0.145296871712741,0.723096189075924,0.737159748421212,0.24609375,0.916233044087822,0.55357592065954
"347","32513-ORDEQ:20050804:R:SR","MOST DISTURBED",0.0356259629468555,0.120347732319321,0.00599926550088472,0.97265625,0.863646247756868,0.399655091704786
"348","32608-ORDEQ:20050922:R:SR","MOST DISTURBED",0.487722586852269,0.00538619826269948,0.733410207483159,0.6953125,0.00619357656756514,0.385605013833139
"349","32609-ORDEQ:20050919:R:SR","MOST DISTURBED",0.409415345775172,0.51238221393217,0.129734116456632,0.03125,0.967733642142968,0.410103063661388
"350","33091-ORDEQ:20160920:R:SR","MOST DISTURBED",0.487650859639211,0.0246279100349936,0.883391845005278,0.9296875,0,0.465071622935897
"351","33151-ORDEQ:20140929:R:SR","MOST DISTURBED",0.688773965054217,0.806630282868631,0.699664339040683,0.91015625,0.610925877464398,0.743230142885586
"352","33311-ORDEQ:20060809:R:SR","MOST DISTURBED",0.678837858487427,0.810333049864259,0.710912961854841,0.97265625,0.686321956647918,0.771812415370889
"353","33333-ORDEQ:20060911:R:SR","MOST DISTURBED",0.474570081047294,0.8866694379443,0.39220198212034,0.85546875,0.915161821781754,0.704814414578738
"354","33350-ORDEQ:20060928:R:SR","MOST DISTURBED",0.717589429121203,0.580445642472196,0.575929488084935,0.56640625,0.63609783977821,0.615293729891309
"355","33356-ORDEQ:20060816:R:SR","MOST DISTURBED",0.583957856077424,0.82572998761449,0.834647812810589,0.3515625,0.886117249881202,0.696403081276741
"356","33378-ORDEQ:20060913:R:SR","MOST DISTURBED",0.533748806936731,0.835305160752289,0.429697391500869,0.69921875,0.882375019325134,0.676069025703005
"357","33379-ORDEQ:20060824:R:SR","MOST DISTURBED",0.595094449683818,0.917972444524259,0.598426733713253,0.6015625,0.849724762474963,0.712556178079259
"358","33399-ORDEQ:20090910:R:SR","MOST DISTURBED",0.385952996872209,0.991555685848423,0.328459786173439,0.59375,0.677875509714873,0.595518795721789
"359","33425-ORDEQ:20060814:R:QCFR","MOST DISTURBED",0.693119124118949,0.521040706042588,0.564680865270776,0.94921875,0.595516485541909,0.664715186194844
"360","33477-ORDEQ:20060712:R:SR","MOST DISTURBED",0.0387630847390297,0.703978670042305,0.264717590226539,0.59765625,0.918836220004295,0.504790363002434
"361","33478-ORDEQ:20060713:R:SR","MOST DISTURBED",0,1,0.444695555253081,0.52734375,0.827488971169478,0.559905655284512
"362","33480-ORDEQ:20060712:R:SR","MOST DISTURBED",0.00506261995113728,1,0.283465294916804,0.6875,0.839731385961773,0.563151860165943
"363","33481-ORDEQ:20060925:R:SR","MOST DISTURBED",0.0487822438683079,0.203498624411159,0.774655157801742,0.64453125,0.737647247763173,0.481822904768876
"364","33491-ORDEQ:20060718:R:SR","MOST DISTURBED",0.294312044399252,0.224115965169454,0.553432242456617,0.57421875,0.617215784754964,0.452658957356057
"365","33492-ORDEQ:20060810:R:SR","MOST DISTURBED",0.18273470181261,0.998699338953628,0.403323501851853,0.515293961864407,0.867572176573857,0.593524736211271
"366","33496-ORDEQ:20060718:R:SR","MOST DISTURBED",0,0.312880161328433,0.159730443961056,0.375,0.859272383653555,0.341376597788609
"367","33499-ORDEQ:20060803:R:SR","MOST DISTURBED",0,0.46001201692458,0,0.61328125,0.897796744399173,0.394218002264751
"368","33502-ORDEQ:20060719:R:SR","MOST DISTURBED",0.0378985830658554,0.0714466525953821,0.920887254385807,0,0.847822814318054,0.37561106087302
"369","33505-ORDEQ:20060726:R:SR","MOST DISTURBED",0.500059667498268,0.149325447624453,0.890890926881384,0.8984375,0.581227648531689,0.603988238107159
"370","33506-ORDEQ:20060727:R:SR","MOST DISTURBED",0,0,0,0,0.854192887093695,0.170838577418739
"371","33512-ORDEQ:20060808:R:SR","MOST DISTURBED",0.0587108002021443,0.166581957966734,0.875892763129172,0,0.943937707166392,0.409024645692888
"372","33520-ORDEQ:20060731:R:SR","MOST DISTURBED",0.313602889595413,0.464113476825085,0.118485493642474,0.45703125,0.923242678865277,0.45529515778565
"373","33521-ORDEQ:20060731:R:SR","MOST DISTURBED",0,0.155298596633532,0.268467131164592,0.0390625000000001,0.85617235791749,0.263800117143123
"374","33523-ORDEQ:20060717:R:SR","MOST DISTURBED",0.513589684950918,0.172797567206668,0.920887254385807,0.9765625,0.659790704845402,0.648725542277759
"375","33525-ORDEQ:20060803:R:SR","MOST DISTURBED",0.0356674892280997,0.55249090478173,0.590927651837147,0.9609375,0.876822458309387,0.603369200831273
"376","33691-ORDEQ:20060809:R:SR","MOST DISTURBED",0.627922862565583,0.192254628533266,0.935885418138019,0.92578125,1,0.736368831847374
"377","33830-ORDEQ:20060821:T:SR","MOST DISTURBED",0.797282137945266,0,0.737159748421212,0.6796875,0.634224962621383,0.569670869797572
"378","33846-ORDEQ:20060829:R:SR","MOST DISTURBED",0.20829979059312,0.49747393011288,0.545933160580511,0,0.721128753140569,0.394567126885416
"379","33885-ORDEQ:20060920:T:SR","MOST DISTURBED",0.32145513186704,0.519281254364873,1,0.90625,0.884714794362073,0.726340236118797
"380","33888-ORDEQ:20060911:R:SR","MOST DISTURBED",0.58098306429375,0.264711098846196,0.898390008757489,0.98828125,0.00972438166848777,0.548417960713184
"381","33889-ORDEQ:20060913:R:SR","MOST DISTURBED",0.322840599614005,0.402034876810109,0.540779606515874,0.632210214757709,0.851690138268415,0.549911087193222
"382","33905-ORDEQ:20060905:R:SR","MOST DISTURBED",0.52085678416865,0.380774072053493,0.92463679532386,1,0.574383630360765,0.680130256381354
"383","33937-ORDEQ:20060927:R:SR","MOST DISTURBED",0.74090832359805,0.110265249463045,0.845896435624748,0.93359375,0.563529576057255,0.638838666948619
"384","34634-ORDEQ:20070821:R:SR","MOST DISTURBED",0.585290472193714,0.516783187151424,0.879642304067225,0.984375,0.597574359971988,0.71273306467687
"385","34652-ORDEQ:20070912:R:SR","MOST DISTURBED",0.381634263622814,0.272194895238889,0.909638631571648,0.95703125,0.0553341379796546,0.515166635682601
"386","34673-ORDEQ:20070904:R:SR","MOST DISTURBED",0.85373900485497,0.537651170519214,0.958382663766337,0.98046875,0.700325369293692,0.806113391686842
"387","34684-ORDEQ:20070911:R:SR","MOST DISTURBED",0.563609978267774,0.516387781098008,0.665918470598206,0.984375,0.31138181637247,0.608334609267292
"388","34690-ORDEQ:20080806:R:SR","MOST DISTURBED",0.807984593156834,0.698996711112908,0.928386336261913,0.95703125,0.361283509423082,0.750736479990948
"389","34846-ORDEQ:20080604:R:SR","MOST DISTURBED",0.000377700403498208,0.583409602493229,0,0,0.861623610902647,0.289082182759875
"390","34850-ORDEQ:20080604:R:SR","MOST DISTURBED",0.0646075321388181,0,0.215973558031851,0.60546875,0.810819835910083,0.33937393521615
"391","35727-ORDEQ:19980728:R:SR-3","MOST DISTURBED",0.373985877640931,0.439110018998818,0.935885418138019,0.83203125,0.407188380432055,0.597640189041965
"392","35827-ORDEQ:20000627:R:SR","MOST DISTURBED",0.787217677418267,0.551489758449489,0.673417552474312,0.93359375,0.637242180054182,0.71659218367925
"393","35842-ORDEQ:20000628:R:SR","MOST DISTURBED",0.527074401005847,0.710168015680636,0.069741461447785,0.43359375,1,0.548115525626854
"394","35856-ORDEQ:20010610:R:SR","MOST DISTURBED",0.170835534677914,1,0.00224972456283176,0.99609375,1,0.633835801848149
"395","37122-ORDEQ:20180927:R:SR","MOST DISTURBED",0.746533247148398,0.46159339909656,0.898390008757489,0.90625,0.449485804612616,0.692450491923013
"396","37176-ORDEQ:20120723:R:SR","MOST DISTURBED",0.753003796789537,1,0.830898271872536,0.89453125,0.676474816074537,0.830981626947322
"397","37282-ORDEQ:20140930:R:SR","MOST DISTURBED",0.30482951890346,1,0.62092397934157,0.3828125,0.693538612183535,0.600420922085713
"398","37336-ORDEQ:20180808:R:SR","MOST DISTURBED",0.571956760797855,0.185371381213066,0.504688210261929,0.94921875,0.807213270021067,0.603689674458783
"399","37422-ORDEQ:20180813:R:SR","MOST DISTURBED",0.489791350681525,0.191563742653122,0.763406534987583,0.94921875,0.434349503903023,0.565665976445051
"400","37434-ORDEQ:20160920:R:SR","MOST DISTURBED",0.508327172582338,0.262471789904765,0.617174438403517,0.6328125,0.564887103667166,0.517134600911557
"401","37727-ORDEQ:20180831:R:SR","MOST DISTURBED",0.612207052672898,0.307770160360313,0.549682701518564,0.89453125,0.744910593086802,0.621820351527715
"402","37795-ORDEQ:20140820:R:SR","MOST DISTURBED",0.374374714638035,0,0.98837899127076,0.95703125,0,0.463956991181759
"403","37796-ORDEQ:20140820:R:SR","MOST DISTURBED",0.341935138753375,0.581730334160202,0.939634959076072,0.96484375,0.303479789986423,0.626324794395215
"404","37797-ORDEQ:20140820:R:SR","MOST DISTURBED",0.530192647215638,0,0.710912961854841,0.96875,0.613020751349127,0.564575272083921
"405","37847-ORDEQ:20140930:R:SR","MOST DISTURBED",0.246934332616116,0.749017991658082,0.804651485306165,0.37109375,0.0819860784794816,0.450736727611969
"406","38024-ORDEQ:20170705:R:SR","MOST DISTURBED",0.872550410258585,0.808673105219268,0.767156075925636,0.828125,0.757440194122335,0.806788957105165
"407","38564-ORDEQ:20160928:R:SR","MOST DISTURBED",0.504027314915326,0.902881429953471,0.812150567182271,0.4296875,0.715402647063723,0.672829891822958
"408","38568-ORDEQ:20160622:R:SR","MOST DISTURBED",0.255311316078011,0.578557717117545,1,0.984375,0.585120519724548,0.680672910584021
"409","38847-ORDEQ:20170629:R:SR","MOST DISTURBED",0.882822502191805,0.681570750306139,0.815900108120324,0.859375,0.414249109694504,0.730783494062554
"410","39503-ORDEQ:20170629:R:SR","MOST DISTURBED",0.597657753771527,0.672937743265878,0.947134040952178,0.90234375,0.631872854432894,0.750389228484496
"411","40718-ORDEQ:20180803:R:SR","MOST DISTURBED",0.648938935991616,0,0.703413879978736,0.875,0.434203267963215,0.532311216786713
"412","dfw_20417:20190910:R:SR","MOST DISTURBED",0.711209482275506,0.717498076083671,0.785903780615901,0.88671875,0.780965680704205,0.776459153935856
"413","dfw_7057:20080814:R:SR","MOST DISTURBED",0.951665526261706,0.928937621167578,0.789653321553954,0.640625,0.594076149628734,0.780991523722394
"414","dfw_8329:20080929:R:SR","MOST DISTURBED",0,0.621127014760517,0,0,0.854831568156112,0.295191716583326
