"","O","E","OoverE","Onull","Enull","OoverE.null","BC","BC.null","TMAX8110","ELEV","MWST_mean08.14","PRECIP8110","CLAY","grps.final"
"103CDCHHR:20100914:T:SR",23,17.2793836379118,1.33106599644775,14,12.7013574660633,1.10224438902743,0.196929288106659,0.227588544314523,18.1765918564,258.1204,7.0894969378225,2224.66842551,33.8065490196078,1
"103KLCMSR:20100914:T:SR",17,16.1975613015626,1.04954071069699,15,12.7013574660633,1.18097613110082,0.208043984042131,0.213328977458347,17.9811424357,735.0265,4.5927677891125,2484.21366131,29.6661650629898,2
"103PS0281:20150722:T:SR",15,17.4572617936063,0.859241281785309,10,12.7013574660633,0.78731742073388,0.282420173993354,0.314331273669524,18.5092904613,685.8623,4.734632002,2645.93991409,30.67,2
"103STCNSR:20110809:T:SR",19,16.7601841097776,1.1336390982075,10,12.7013574660633,0.78731742073388,0.198294753986746,0.316324496711182,17.4890912922,711.7787,5.0928825436925,2916.60345759,30.67,3
"103WER026:20030729:R:SR",20,19.5025081467466,1.02550912167348,13,12.7013574660633,1.02351264695404,0.270451459570114,0.235211267605634,17.2601588693,451.6802,5.63048556342,2557.02952741,23.24,2
"103WER029:20030730:R:SR",17,17.2131823540586,0.987615169021411,13,12.7013574660633,1.02351264695404,0.245602031831701,0.247535211267606,17.568840364,732.3096,5.582964177935,2714.80683595,26.6720502385238,1
"103WER030:20110810:T:SR",16,16.7618472355385,0.954548730528743,8,12.7013574660633,0.629853936587104,0.250541449756721,0.371803278688525,17.409695431,735.6831,5.2505223079925,2732.75871612,30.67,3
"105BVCAGC:20100921:T:SR",19,14.7172720578746,1.29100012048998,16,12.7013574660633,1.25970787317421,0.188693683794625,0.199747753428977,14.0687636567,1641.2664,3.28456367336,1936.73810524,9.29199122888868,4
"105FC1297:20140722:T:SR",17,16.0701159830693,1.05786417583485,13,12.7013574660633,1.02351264695404,0.21526339733555,0.25669014084507,18.4370994598,991.249,5.64649972007,1719.82804745,14.9128743665909,3
"105FS0416:20130924:T:SR",17,14.1263809275951,1.20342217069848,15,12.7013574660633,1.18097613110082,0.200906885459891,0.211368833714472,14.0472854662,1634.2264,4.4900671082475,2076.57791868,13.9144372496822,4
"105FS0425:20110810:T:SR",18,18.6392338941875,0.965704926617891,11,12.7013574660633,0.866049162807268,0.310299874637084,0.294768995799924,14.9818975024,1562.8251,4.1137173001725,1359.48673408,14.7860237341114,3
"105FS0428:20110803:T:SR",16,15.692752851811,1.01957891971475,11,12.7013574660633,0.866049162807268,0.223387770114451,0.294768995799924,15.8436859593,1382.0812,4.4509756817,2149.83200694,10.3375688574678,3
"105PS0083:20090908:T:SR",18,15.6944071416235,1.14690538085136,15,12.7013574660633,1.18097613110082,0.203610937174974,0.202874877491016,15.2862220936,1499.731,4.155642897245,1336.26718203,11.3829266347687,1
"105PS0275:20150819:T:SR",9,11.6827223670217,0.770368388228197,9,12.7013574660633,0.708585678660492,0.300953441972524,0.332360300250209,12.7311871449,1866.5553,3.5107750321775,1462.49918624,22.8392218742472,4
"105TMCACC:20100810:T:SR",16,14.1799572279892,1.12835319195591,13,12.7013574660633,1.02351264695404,0.217298244454804,0.24330985915493,16.6086887952,1217.6204,4.0272120484875,2171.09641392,22.0254682906342,3
"105WLCABC:20110803:T:SR",18,15.9375407456078,1.12940887727365,12,12.7013574660633,0.944780904880656,0.206717743660456,0.267265066862063,16.0806435571,1375.5932,5.46021982122,1822.09767329,13.930498656412,4
"107GWCAPC:20100915:T:SR",15,14.770873965721,1.01551201606694,13,12.7013574660633,1.02351264695404,0.270786249044769,0.267957746478873,16.7366732909,129.0371,7.772165785425,1637.29102505,27.3,2
"107WER092:20030812:R:SR",16,18.649446518635,0.857934308345957,12,12.7013574660633,0.944780904880656,0.289189594344425,0.270196006594614,16.5896024662,134.9678,7.696247790375,1640.62789277,27.3,5
"11850-ORDEQ:19990729:R:SR",17,16.9081619791442,1.00543157919643,12,12.7013574660633,0.944780904880656,0.203033764090936,0.282652500457959,14.9829580253,326.0905,7.2425218717275,2284.21334884,23.811466553768,2
"119633",9,12.5275414838833,0.718417098165552,13,12.7013574660633,1.02351264695404,0.322939256173411,0.236971830985916,7.3993305703,2319.8066,2.100846565675,1534.65132494,19.89,6
"119663",10,10.5885874663777,0.944413032593189,11,12.7013574660633,0.866049162807268,0.181765067892467,0.271095838106147,7.57556902565,2308.7886,2.03335439457,1412.07034132,19.89,7
"12092-ORDEQ:20070814:R:SR",14,17.1012325700569,0.818654441581775,12,12.7013574660633,0.944780904880656,0.268992446316907,0.265066862062649,17.8373385651,679.0182,6.5685987116825,2400.97264983,25.3412340425532,3
"12181-ORDEQ:20000927:R:SR",15,12.9713053470646,1.15639865061032,13,12.7013574660633,1.02351264695404,0.22335068502731,0.241549295774648,11.7864573461,1620.5645,3.0347488718525,705.38981502,20.883974302171,6
"123287",11,13.1269925322667,0.837968024508398,11,12.7013574660633,0.866049162807268,0.278164277640122,0.27987781596029,11.0686652778,1728.3584,3.2079640686775,699.426285786,19.89,6
"123315",15,12.7840447308603,1.17333757162086,14,12.7013574660633,1.10224438902743,0.195755852593744,0.224199288256228,11.5253150365,1616.2094,2.562960084295,660.124855069,22.065387156721,5
"123444",13,11.1449670316669,1.16644580132559,12,12.7013574660633,0.944780904880656,0.166223924802834,0.255907675398425,7.54651512987,2319.3953,1.92325649218,1669.24168054,19.9607085680403,7
"12521-ORDEQ:20070828:R:SR",23,23.5042110046998,0.978548056575947,11,12.7013574660633,0.866049162807268,0.219288496688022,0.319205803741886,15.8690184196,176.668,6.195704671685,2078.92837219,24.673125556545,1
"125362",14,13.3237209718561,1.05075751958273,11,12.7013574660633,0.866049162807268,0.239850330342113,0.274150439098893,10.8481396319,1557.968,2.7503369206225,2097.75950678,11.49,7
"126606",10,12.6575993744956,0.79003922498523,9,12.7013574660633,0.708585678660492,0.341344805009155,0.355296080066722,8.13733587603,2261.8233,2.25415647665,921.346950615,19.89,5
"127205",15,12.7664531244597,1.17495437877424,13,12.7013574660633,1.02351264695404,0.215751986541531,0.23556338028169,8.59695691316,1661.7078,3.859148099515,1917.36696427,10.29,8
"12871-ORDEQ:20000811:R:SR",15,13.5833086012183,1.10429648919665,15,12.7013574660633,1.18097613110082,0.172169085653306,0.208428618098661,12.6865105977,1340.4009,3.03513679812,1394.47964565,14.9588053850137,8
"12886-ORDEQ:19970812:R:SR",14,13.5181692324626,1.03564319688943,12,12.7013574660633,0.944780904880656,0.221349699245667,0.276057886059718,11.2297110405,1557.496,2.74894503939,1864.05190408,15.0958132425965,8
"12889-ORDEQ:20160627:R:SR",18,13.9435445597337,1.29091996105356,16,12.7013574660633,1.25970787317421,0.166856293503518,0.18965789058805,11.3349412221,1485.3657,2.6987186144575,1948.97422289,11.7998414812159,9
"130065",12,11.4855456197631,1.04479146200523,12,12.7013574660633,0.944780904880656,0.211035742967246,0.278256090859132,10.3541629822,1740.1552,1.7649007695325,1120.37600524,21.4516677440207,5
"130067",9,11.7895195578231,0.763389886742917,11,12.7013574660633,0.866049162807268,0.29252175091844,0.318060328369607,8.38017809463,2135.2714,1.77829338031,1482.14471489,20.2750020625847,6
"130119",13,11.8717677819074,1.09503489613502,13,12.7013574660633,1.02351264695404,0.235309148300128,0.279577464788732,11.2861874853,1496.0613,2.87595669152,1151.43817418,22.0092025796126,6
"130124",13,11.5284210400309,1.12764791942098,13,12.7013574660633,1.02351264695404,0.176143942794483,0.25,11.418213171,1458.5429,2.6594454858425,1263.50584564,21.5070223375309,6
"131083",10,11.53581038476,0.86686584353112,10,12.7013574660633,0.78731742073388,0.24342384693459,0.319912298186167,11.6231509085,1328.4327,3.009903156995,1277.46114867,20.8599537752386,6
"13200-ORDEQ:19980713:R:SR",10,13.7551839264194,0.726998639457895,8,12.7013574660633,0.629853936587104,0.350326613987082,0.388852459016393,12.3521169366,874.7055,3.926668251985,2155.11001651,16.1713466135458,5
"13215-ORDEQ:19980715:R:SR",16,14.7430943144644,1.08525385911033,14,12.7013574660633,1.10224438902743,0.244264469384966,0.228605321132012,13.9125963705,572.1665,4.222076231545,2327.36168392,16.1063292887442,9
"13224-ORDEQ:19980715:R:SR",15,19.7656193588547,0.758893497221996,13,12.7013574660633,1.02351264695404,0.326819293246625,0.244718309859155,13.85517214,536.6693,5.09604019396,3968.64420616,21.1288019966722,9
"13226-ORDEQ:19980708:R:SR",19,16.5783287547022,1.14607450974881,13,12.7013574660633,1.02351264695404,0.169350529116936,0.25669014084507,15.0938428076,330.3068,6.7817653566625,2319.31646926,24.2556041864891,2
"13231-ORDEQ:19990805:R:SR",13,11.2516008094882,1.15539115012305,16,12.7013574660633,1.25970787317421,0.196906348496033,0.224026485889957,12.7999786332,820.7157,4.032066376625,1987.83164775,19.2882743362832,4
"13244-ORDEQ:19990909:R:SR",21,17.7143340432427,1.18548063668307,16,12.7013574660633,1.25970787317421,0.218886886735481,0.192810972725839,15.5296825186,969.2523,4.9848296404575,1681.24579689,24.0322049689441,2
"134605",9,11.6522351797862,0.772383998532128,9,12.7013574660633,0.708585678660492,0.291113657378542,0.382819015846539,7.25853060718,2397.7777,2.1812433533975,1243.50386155,19.89,7
"134734",12,11.7388335779517,1.02224807263124,13,12.7013574660633,1.02351264695404,0.196757029187222,0.238028169014085,9.04457953366,1993.0624,1.9791438248325,1179.49864163,20.781072386059,6
"140016",12,13.1563995501113,0.912103646160433,13,12.7013574660633,1.02351264695404,0.299506157493162,0.254225352112676,8.91182332721,2106.0597,2.154665872445,885.817682966,19.0509157827187,6
"143095",8,12.3335088595187,0.6486394173079,12,12.7013574660633,0.944780904880656,0.329173094970615,0.263967759662942,11.8079381517,1556.3223,2.8425954860575,792.31390801,24.4163409004714,2
"148021",12,12.8677194305395,0.932566183524323,12,12.7013574660633,0.944780904880656,0.276400233198136,0.266898699395494,10.7130784708,1918.3368,2.7215629054775,760.556449424,21.6122924661685,6
"149814",15,17.9774329555766,0.834379415407415,13,12.7013574660633,1.02351264695404,0.314829651228771,0.245070422535211,13.8975638785,487.5202,4.805099181025,2832.08064052,23.3872881355932,6
"149822",14,17.0655434463484,0.820366491346377,12,12.7013574660633,0.944780904880656,0.299365079609736,0.24345118153508,14.3225905969,377.0635,5.808307376985,3414.37921907,24.52,6
"150509",11,10.5790539946357,1.03979051487758,9,12.7013574660633,0.708585678660492,0.183226930486162,0.353628023352794,7.6173153844,2319.3278,1.9487574380875,1278.42401716,20.2592592755989,7
"151144",15,18.6655967367223,0.803617490058023,13,12.7013574660633,1.02351264695404,0.307470120822929,0.238380281690141,13.1473709595,1030.9807,3.817692460075,2573.55017721,12.5598560260953,6
"151682",21,18.8144375374409,1.11616411376688,16,12.7013574660633,1.25970787317421,0.186885334488225,0.189973198801829,12.4330456387,1171.5326,3.3925515307025,2410.34209951,12.1622729916092,9
"152645",13,12.7090072427572,1.02289657655271,14,12.7013574660633,1.10224438902743,0.250513885110352,0.242501270971022,10.8503032085,1728.653,2.55529206027,962.188387775,21.5385438505832,2
"153620",13,12.778876761892,1.01730380863891,13,12.7013574660633,1.02351264695404,0.190393996437323,0.235915492957746,12.0120460921,1750.6025,3.7246971230875,1580.56439001,13.897725461304,7
"153706",15,13.2081464346745,1.13566275738899,10,12.7013574660633,0.78731742073388,0.224769496835361,0.294797687861272,9.32246325998,1918.0271,3.5034308398275,2910.35946316,10.2940665027817,8
"155884",12,15.7469618350485,0.76205176120331,12,12.7013574660633,0.944780904880656,0.296731114461059,0.253709470599011,13.6324790248,1442.9875,4.701327599335,1485.58262373,15.6219453924915,6
"17007-ORDEQ:19980824:R:SR",16,15.6864876997896,1.01998613750959,13,12.7013574660633,1.02351264695404,0.215986878996629,0.245774647887324,11.1745195202,1504.0376,2.91270680108,2027.18641516,11.49,5
"17010-ORDEQ:19980825:R:SR",18,15.5124626357392,1.16035734768055,11,12.7013574660633,0.866049162807268,0.225820712892621,0.299732722413135,9.20145921322,2031.759,2.287189015135,2041.78074817,10,7
"210808",15,15.8763850010306,0.944799461528952,11,12.7013574660633,0.866049162807268,0.238901542733344,0.327987781596029,8.70781556967,2036.7001,3.2273757453025,3093.22122419,10.3701536570375,7
"21821-ORDEQ:19980813:R:SR-3",13,14.558931720716,0.892922657333586,14,12.7013574660633,1.10224438902743,0.265143130272582,0.227927469920352,11.8884359688,1024.1364,3.6080647966275,2234.54395444,15.3824541062802,6
"21842-ORDEQ:20070806:R:SR",23,24.1831876899696,0.951073956620684,13,12.7013574660633,1.02351264695404,0.198041407999201,0.259154929577465,15.902825494,247.3413,5.82714347605,2140.22456056,23.48,1
"21855-ORDEQ:19990727:R:SR",13,15.3611127885702,0.846292855142171,11,12.7013574660633,0.866049162807268,0.340774722452074,0.310423825887743,13.4315195531,1001.7504,4.0291283808625,2312.74690645,19.5928932757557,7
"21857-ORDEQ:19980808:R:SR-1",15,15.3112591204534,0.979671226382841,14,12.7013574660633,1.10224438902743,0.26171645421068,0.226232841891205,14.1946591883,1030.525,4.20880071021,2287.85032613,17.1327208480565,9
"21864-ORDEQ:19990922:R:SR",13,14.2126902728527,0.914675529433789,14,12.7013574660633,1.10224438902743,0.226023220724242,0.245551601423488,12.196897889,1291.7464,3.573987677655,2052.94127518,12.9216812156482,5
"21868-ORDEQ:19990831:R:SR",15,18.1149886661492,0.828043576313682,13,12.7013574660633,1.02351264695404,0.254695004364313,0.222887323943662,12.3194521181,1212.5947,3.529574009845,2731.94153295,12.3613187043939,6
"21876-ORDEQ:19990928:R:SR",11,13.1096663132846,0.839075513985679,10,12.7013574660633,0.78731742073388,0.31789419033157,0.364560494319314,8.58666892853,1574.0156,3.1298165219075,2901.36989272,10.1819410501659,7
"21878-ORDEQ:19980729:R:SR-3",15,14.7136144999781,1.01946398011327,13,12.7013574660633,1.02351264695404,0.195594501173039,0.256338028169014,14.467830748,1104.2299,4.661962050095,1694.48252763,17.8880639302579,4
"21881-ORDEQ:19990713:R:SR",17,16.6791296332339,1.01923783637527,15,12.7013574660633,1.18097613110082,0.225594418868584,0.209735380594577,15.8001501032,773.8667,5.36032143525,1563.35253834,30.5645349822124,2
"22946-ORDEQ:20000822:R:SR",21,17.4271986444458,1.20501294720095,16,12.7013574660633,1.25970787317421,0.198447340651996,0.21393662304903,12.4626639452,1173.1552,3.41595436401,2156.41956331,14.2723468695849,9
"23844-ORDEQ:20000711:R:SR",12,12.988114032491,0.923921669457231,13,12.7013574660633,1.02351264695404,0.271410878699531,0.260915492957746,13.8114664193,1533.4518,4.839035110695,1213.90727605,18.6345678191489,9
"23856-ORDEQ:20000712:R:SR",14,15.0140158804459,0.932462048227447,13,12.7013574660633,1.02351264695404,0.249080445797834,0.247183098591549,13.3274300894,1150.8852,4.0332798811625,2540.3437976,14.9035971223022,5
"23901-ORDEQ:20000907:R:SR",19,15.5396216124389,1.22268099403342,16,12.7013574660633,1.25970787317421,0.174259980203545,0.200378369856535,11.5522884707,1108.8828,3.16617018118,1934.36835789,14.1077246914515,9
"23903-ORDEQ:20000822:R:SR",13,13.7205341005117,0.94748498161709,12,12.7013574660633,0.944780904880656,0.259925544688427,0.283385235391097,12.8906761447,1232.5636,3.79968301781,2375.00590581,16.0196042347985,9
"23925-ORDEQ:20000828:R:SR",17,13.6200289184301,1.24816181388545,16,12.7013574660633,1.25970787317421,0.192161189593151,0.199747753428977,12.9860158169,1292.8983,3.8453987172225,1825.65516364,16.6557229454159,9
"23926-ORDEQ:20000823:R:SR",19,18.99837577971,1.00008549258678,16,12.7013574660633,1.25970787317421,0.227405145628522,0.190919123443166,12.7577517712,1266.9018,3.893897798855,2398.22147106,14.2895096608746,9
"24043-ORDEQ:20000816:R:SR",15,11.8078314659197,1.27034333470068,13,12.7013574660633,1.02351264695404,0.164939842410055,0.229225352112676,9.16200175292,2060.4553,2.2186069666375,1492.90057127,20.431879350348,8
"24044-ORDEQ:20000913:R:SR",8,11.8629202232695,0.674370209816277,10,12.7013574660633,0.78731742073388,0.417005725184038,0.341439107036077,10.0182482276,1605.7558,2.3663617780725,2023.38241393,11.49,5
"24046-ORDEQ:20000803:R:SR",13,12.9395818660319,1.00466924933075,14,12.7013574660633,1.10224438902743,0.258482382021725,0.244873750211829,11.3351002442,1819.6352,2.51902509745,678.764723954,21.6249577735125,6
"24056-ORDEQ:20000913:R:SR",13,12.2143421177995,1.06432257051778,15,12.7013574660633,1.18097613110082,0.2093550548144,0.209735380594577,9.77067718267,1868.0785,1.700024834425,1237.94874315,21.1355361051849,6
"24062-ORDEQ:20000912:R:SR",18,13.0691020523087,1.37729431815251,16,12.7013574660633,1.25970787317421,0.15870744958736,0.190919123443166,12.2638699412,1357.8034,2.738256526545,981.879335529,21.3197080278875,2
"24068-ORDEQ:20000808:R:SR",16,13.9235498525458,1.14913223778738,14,12.7013574660633,1.10224438902743,0.238036693835442,0.24351804778851,12.3884355503,1209.9897,3.4900229784475,957.982007503,20.8253374335106,2
"24412-ORDEQ:20000821:R:SR",15,14.6737112875053,1.02223627725131,9,12.7013574660633,0.708585678660492,0.271385713342126,0.364053377814846,9.59914803561,1907.7271,3.292894519145,1993.09140379,10.311100088574,8
"24419-ORDEQ:20000815:R:SR",11,13.554820961718,0.811519387166128,10,12.7013574660633,0.78731742073388,0.284806737543872,0.308351604544549,10.85112401,2077.9944,3.9514346407775,1079.23594188,3.80438120315981,8
"24426-ORDEQ:20010719:R:SR",12,13.077434718854,0.917611156773688,11,12.7013574660633,0.866049162807268,0.272367422534613,0.293241695303551,11.6086605336,1795.0673,3.3724353058325,750.91540372,22.0774603709949,5
"24453-ORDEQ:20000829:R:SR",17,14.4092570290326,1.17979712387304,17,12.7013574660633,1.3384396152476,0.159599792488408,0.181901279707495,12.9439667343,1120.9869,3.584124900945,2608.77880432,12.8925252236136,9
"24455-ORDEQ:20000828:R:SR",16,13.4912066749777,1.18595766749874,14,12.7013574660633,1.10224438902743,0.174458724069165,0.228605321132012,10.470975825,1193.3125,3.19894898502,2271.75888542,13.6530144032922,8
"25284-ORDEQ:20010807:R:SR",18,13.3984855287762,1.34343541748365,16,12.7013574660633,1.25970787317421,0.146552115292524,0.188711965946713,11.6919156984,1505.1981,3.608995373505,1837.2596529,12.0812007285975,9
"25374-ORDEQ:20010801:R:SR",12,12.5364836960425,0.957206206377321,12,12.7013574660633,0.944780904880656,0.230123771914781,0.258105880197838,13.4757902262,972.2923,4.0101829652725,2513.03951053,13.3822290076336,9
"25386-ORDEQ:20010906:R:SR",22,19.3729307635263,1.13560515280526,12,12.7013574660633,0.944780904880656,0.246990517750646,0.261769554863528,14.5443721974,278.9498,5.428045366175,3485.92491449,24.7079216354344,1
"25417-ORDEQ:20010801:R:SR",13,12.4549311309719,1.04376329851175,12,12.7013574660633,0.944780904880656,0.250152717140671,0.294376259388166,11.2949042577,1650.5056,3.070828792965,730.823756092,20.399891519888,5
"25425-ORDEQ:20010730:R:SR",15,12.3982610785107,1.20984708299124,15,12.7013574660633,1.18097613110082,0.190912022364316,0.209408689970598,8.97790031718,2054.0992,2.397382016425,879.276170736,19.89,5
"26806-ORDEQ:20020904:R:SR",19,16.7673689650123,1.13315333130955,16,12.7013574660633,1.25970787317421,0.194080804402457,0.188711965946713,11.8067739826,1429.3257,3.816048632585,1888.02538145,13.7575398456587,8
"26854-ORDEQ:20020813:R:SR",12,13.8041036543888,0.869306714904649,12,12.7013574660633,0.944780904880656,0.253128382141754,0.248213958600476,12.5707107736,1568.3225,3.5642669266025,1555.44159544,12.0849089239986,6
"26886-ORDEQ:20020716:R:SR",12,12.7066254485879,0.94438921242725,11,12.7013574660633,0.866049162807268,0.248760626117361,0.290950744558992,12.5592730836,1589.0875,3.6597925927875,536.63128132,29.041664467898,5
"26895-ORDEQ:20020724:R:SR",16,13.3536553318136,1.19817380353391,14,12.7013574660633,1.10224438902743,0.199919692736991,0.21572614811049,9.75652248865,1953.1474,2.67137281924,782.446347887,20.7009685587677,6
"26902-ORDEQ:20020716:R:SR",13,13.3656697926919,0.972641117253114,11,12.7013574660633,0.866049162807268,0.25417028198069,0.290950744558992,10.6866699079,1770.2933,3.81687054633,722.14553462,19.89,5
"26906-ORDEQ:20020723:R:SR",11,12.4137960479816,0.886110900926921,11,12.7013574660633,0.866049162807268,0.291061436807984,0.319587628865979,11.0101209264,1703.179,3.4863591591975,691.448661659,19.89,5
"26929-ORDEQ:20020711:R:SR",10,13.2821274859608,0.752891433286574,10,12.7013574660633,0.78731742073388,0.333588528844859,0.344628263902731,12.1767375888,1150.732,3.3406874838575,791.341848504,16.446003022061,5
"26936-ORDEQ:20030730:R:SR",13,12.9417569155799,1.00450040012342,12,12.7013574660633,0.944780904880656,0.231142285474703,0.263235024729804,11.862489287,1660.7729,3.42234906448,647.697990773,27.137752824394,5
"26950-ORDEQ:20020731:R:SR",17,17.7208602352916,0.959321374599186,13,12.7013574660633,1.02351264695404,0.267262867927698,0.25,12.9069805645,1133.4626,4.2195525253575,2259.84829246,15.0946682188591,6
"26952-ORDEQ:20020905:R:SR",13,13.3862625765594,0.971144852840721,13,12.7013574660633,1.02351264695404,0.207253433237463,0.232394366197183,13.0831616732,1274.4042,4.062138506075,2094.09450894,15.9970646476412,9
"26958-ORDEQ:20020910:R:SR",11,11.2092852084176,0.981329299368663,11,12.7013574660633,0.866049162807268,0.221702279201468,0.269568537609775,8.08078409749,2190.2692,1.4244695666275,1491.17120104,19.9534464751958,6
"26966-ORDEQ:20020913:R:SR",12,11.7775679816371,1.01888607382354,10,12.7013574660633,0.78731742073388,0.216462513900482,0.30157464620291,7.2714043894,2348.1784,3.81687054633,1666.14710695,19.9217232375979,8
"29027-ORDEQ:20020808:R:SR",15,14.5933965929334,1.02786215014971,12,12.7013574660633,0.944780904880656,0.255800141504474,0.269463271661476,14.5691753499,358.2469,3.97490371341,1676.98993125,41.2568322147651,1
"29879-ORDEQ:20030826:R:SR",18,17.4566773808611,1.0311240568457,14,12.7013574660633,1.10224438902743,0.21848477234053,0.220810032197933,12.8733499477,1393.6472,3.92756402393,1783.76560391,13.3042625543693,8
"29900-ORDEQ:20030806:R:SR",14,16.8812698348482,0.829321498735814,10,12.7013574660633,0.78731742073388,0.241545918178599,0.329081124177796,15.1994258086,322.3568,7.089977367315,2313.1956565,24.8988822815026,2
"30339-ORDEQ:20030924:R:SR",18,14.752443559123,1.2201368490489,15,12.7013574660633,1.18097613110082,0.180040474239722,0.209408689970598,11.1300177314,1202.7134,3.44658427767,1993.53521607,11.8545127974854,9
"30354-ORDEQ:20030827:R:SR",17,14.6266990321162,1.16225813922011,16,12.7013574660633,1.25970787317421,0.22382489211715,0.228125492669084,11.5497972443,1018.7542,4.3813585956925,3104.74459666,15.1194456996536,5
"30379-ORDEQ:20030723:R:SR",13,12.3309906140898,1.05425430988048,13,12.7013574660633,1.02351264695404,0.22597404788647,0.254225352112676,10.6029801107,1777.9326,3.18920375529,779.778942893,19.89,5
"30383-ORDEQ:20030724:R:SR",13,12.9441888077312,1.00431167940284,12,12.7013574660633,0.944780904880656,0.25683171537321,0.272394211394028,10.5726556818,1855.6131,2.8477184776025,761.067358654,21.2057863784471,5
"30387-ORDEQ:20030722:R:SR",16,12.3044251620836,1.30034518388591,16,12.7013574660633,1.25970787317421,0.175787265886689,0.19880182878764,10.8477030991,1772.4758,2.9847140283475,728.391339974,25.8891987978771,5
"30389-ORDEQ:20030728:R:SR",14,13.0661016872965,1.07147490009292,12,12.7013574660633,0.944780904880656,0.230828597239569,0.265799596995787,11.9935088723,1745.0076,2.58450426073,742.71967001,21.9514464045772,5
"30392-ORDEQ:20030730:R:SR",18,16.2285070082721,1.10915933245276,13,12.7013574660633,1.02351264695404,0.228035840620874,0.244718309859155,8.75792982656,2256.2901,2.9681746882025,1061.27686513,19.89,8
"30396-ORDEQ:20030827:R:SR",14,12.2178818813789,1.14586146239777,15,12.7013574660633,1.18097613110082,0.199896180518339,0.208101927474681,10.8947105288,1889.3415,3.3607911286475,856.158723182,19.9914223194748,5
"30421-ORDEQ:20030730:R:SR",17,13.0604320368924,1.30164147341981,15,12.7013574660633,1.18097613110082,0.170606389913859,0.209081999346619,11.9935088723,1745.0076,2.58450426073,742.71967001,21.9514464045772,5
"30621-ORDEQ:20030924:R:SR",26,18.8568274440924,1.37881094139966,17,12.7013574660633,1.3384396152476,0.188869681189433,0.180073126142596,13.4173158717,551.2458,4.7268968261375,3599.48090178,21.5282548054384,1
"30623-ORDEQ:20030819:R:SR",17,13.6908409157421,1.24170605038971,15,12.7013574660633,1.18097613110082,0.141149887924319,0.200261352499183,11.9588900259,1298.7187,3.8745934294025,2307.94105201,12.1718838174274,9
"30625-ORDEQ:20030818:R:SR",13,15.590778288418,0.833826237504603,11,12.7013574660633,0.866049162807268,0.313181254850103,0.28827796869034,13.1091878612,1016.0687,3.851072034805,2390.41945056,16.8267318579516,5
"30628-ORDEQ:20030902:R:SR",20,15.6701551832854,1.2763115467633,16,12.7013574660633,1.25970787317421,0.191891802643582,0.196594671291187,12.6941049358,797.792,3.9223471088375,3178.24094538,12.763392192593,9
"30629-ORDEQ:20030918:R:SR",15,12.9368959446256,1.15947442602965,15,12.7013574660633,1.18097613110082,0.237555638512546,0.201241424371121,12.1328345952,896.1715,4.0575880747575,2386.76852649,19.2593211993486,9
"30727-ORDEQ:20030820:R:SR",16,15.2508411554689,1.04912246064949,13,12.7013574660633,1.02351264695404,0.230557726246569,0.247887323943662,13.7585683492,551.5183,4.776531828465,3296.25190687,20.01,1
"31354-ORDEQ:20040707:R:SR",16,15.7682568475939,1.01469681491404,14,12.7013574660633,1.10224438902743,0.195211528485743,0.220132180986274,12.6823999616,1136.1576,3.7904210157325,2396.55633249,12.64715371128,9
"31387-ORDEQ:20040708:R:SR",21,19.9236626898162,1.05402306427994,16,12.7013574660633,1.25970787317421,0.209767097565812,0.199432445215198,12.4814292901,1173.5158,3.5909912653725,2430.8685673,13.4895508335381,9
"31467-ORDEQ:20070918:R:SR",13,17.3663008362206,0.74857622948038,10,12.7013574660633,0.78731742073388,0.286529755698629,0.321506876619494,17.6467779584,724.8359,5.391456542325,3115.32806076,26.61005471347,2
"31477-ORDEQ:20040715:R:SR",11,13.4204377326152,0.819645396011721,10,12.7013574660633,0.78731742073388,0.300797746574616,0.31353398445286,13.3488603103,706.3328,4.1074130102725,1768.9902821,21.7430299364983,5
"31480-ORDEQ:20040804:R:SR",11,13.4435873907476,0.818233978794276,10,12.7013574660633,0.78731742073388,0.308185131041838,0.328682479569464,9.27781435949,1406.6947,3.6371570400675,2563.5086211,10,7
"31485-ORDEQ:20040802:R:SR",13,11.6716334104492,1.11381154143871,15,12.7013574660633,1.18097613110082,0.220571152692116,0.216922574322117,11.395378588,1059.5635,4.136806415365,2687.22573037,14.893521039604,9
"31730-ORDEQ:20040901:R:SR",10,13.2983443444402,0.751973308931561,9,12.7013574660633,0.708585678660492,0.381036953940309,0.371559633027523,10.0448750021,1755.7662,2.2955714991925,1756.80140927,10,5
"31803-ORDEQ:20040929:R:SR",12,14.8313631377406,0.809096229965821,12,12.7013574660633,0.944780904880656,0.292732043307966,0.26836416926177,10.3582672698,1252.8132,3.797637520395,2624.00253621,12.7328834070282,5
"32149-ORDEQ:20050803:R:SR",19,16.9701864205627,1.11961056461806,15,12.7013574660633,1.18097613110082,0.195668930547609,0.212022214962431,14.4700262279,1203.2747,4.62125985122,1636.70950163,17.7127087845694,3
"32481-ORDEQ:20050713:R:SR",15,12.9937825857412,1.15439825939987,13,12.7013574660633,1.02351264695404,0.228979648392136,0.239788732394366,10.2150174053,1857.7422,3.71427050802,766.017467058,23.0179346459992,4
"32485-ORDEQ:20050713:R:SR",19,19.1616679464889,0.991562950211828,10,12.7013574660633,0.78731742073388,0.222307699084668,0.326689256527805,15.9896355148,461.9209,6.9297895064475,3771.13373818,33.77,3
"32486-ORDEQ:20050713:R:SR",22,18.729605354928,1.17461097460933,13,12.7013574660633,1.02351264695404,0.20872922586306,0.246830985915493,15.9119051237,435.6892,7.27098303458,3693.7614849,32.8172962433381,3
"32487-ORDEQ:20050713:R:SR",22,19.7303826739029,1.11503159181495,12,12.7013574660633,0.944780904880656,0.203863953786477,0.282652500457959,16.0526883563,414.2678,7.08998728723,3734.96498137,33.77,3
"32488-ORDEQ:20050728:R:SR",16,17.9557904563735,0.891077451525989,8,12.7013574660633,0.629853936587104,0.273919562902545,0.373114754098361,15.8771963748,1012.1128,4.4078334712275,3923.26999728,24.6664971751412,3
"32489-ORDEQ:20050728:R:SR",17,16.8350863199161,1.00979583216564,8,12.7013574660633,0.629853936587104,0.225281775643783,0.37224043715847,15.758028852,1049.4833,4.57277099557,3963.76437178,25.0787873714422,3
"32490-ORDEQ:20050729:R:SR",15,18.1901757442619,0.824620949840561,10,12.7013574660633,0.78731742073388,0.304293085986758,0.331074347219454,16.4162863694,1013.6991,4.2467468685875,3655.76672725,25.510763855255,2
"32556-ORDEQ:20050803:R:SR",18,15.9763696051046,1.12666396965734,13,12.7013574660633,1.02351264695404,0.228900065164811,0.257746478873239,15.1843365944,1088.8126,4.280571579615,1508.9022513,20.1412196614318,3
"32576-ORDEQ:20050907:R:SR",17,17.429087121906,0.975380975555129,12,12.7013574660633,0.944780904880656,0.224393281686735,0.269463271661476,17.5278351994,735.455,5.131305590105,1214.468246,25.97,2
"32577-ORDEQ:20050907:R:SR",15,17.0237105101838,0.881124005899113,13,12.7013574660633,1.02351264695404,0.247782917067303,0.247535211267606,18.2637747956,609.9094,4.9225591403,1201.13442547,25.97,2
"32585-ORDEQ:20050915:R:SR",16,16.84589812664,0.949786106963196,13,12.7013574660633,1.02351264695404,0.227457978460105,0.242957746478873,18.0667445461,760.1926,4.953122816445,1917.75056479,29.0091157306857,2
"33336-ORDEQ:20060818:R:SR",24,23.0715083768135,1.04024407975508,16,12.7013574660633,1.25970787317421,0.205038096097213,0.203531451994324,15.1680320542,282.4865,6.6510361304075,2217.37139673,25.1226020408163,2
"33342-ORDEQ:20060906:R:SR",25,23.3270823464761,1.07171568345651,14,12.7013574660633,1.10224438902743,0.184200557177477,0.234367056431113,15.6039411778,264.3202,5.974374309575,2187.12172277,23.48,1
"33419-ORDEQ:20060919:R:SR",23,20.3266397124888,1.13152003111802,12,12.7013574660633,0.944780904880656,0.203977857671902,0.280087928191977,15.9353729427,167.3023,6.77382294521,2052.76831676,24.9231074977416,1
"34468-ORDEQ:20070924:R:SR",23,18.5510267459256,1.23982355882547,16,12.7013574660633,1.25970787317421,0.220387818536742,0.195018130222292,13.2265948115,553.7942,5.4818570244425,3557.04875338,22.214196455392,1
"34470-ORDEQ:20070731:R:SR",20,16.683058094775,1.19882097672871,16,12.7013574660633,1.25970787317421,0.192630892892283,0.201008986284093,15.3266616263,913.651,5.5465047902375,1940.88854162,23.48,1
"34471-ORDEQ:20070905:R:SR",17,16.4788353224234,1.03162630534134,13,12.7013574660633,1.02351264695404,0.248107353671602,0.251408450704225,16.3459583346,929.0369,3.81687054633,2257.18212242,42.7176603053435,3
"34477-ORDEQ:20070821:R:SR",18,15.726842020592,1.14454001486323,13,12.7013574660633,1.02351264695404,0.228327149030286,0.259859154929577,15.0464138243,1419.0694,4.692589294025,1452.73832715,21.6085571371406,2
"34614-ORDEQ:20070827:R:SR",14,14.3750432798468,0.973910111257018,12,12.7013574660633,0.944780904880656,0.248002610772862,0.260670452463821,14.1208766016,372.3166,5.845037226595,3224.18599945,24.1974682914698,2
"34636-ORDEQ:20070816:R:SR",14,19.8295387945388,0.706017429102068,11,12.7013574660633,0.866049162807268,0.347289627330165,0.285987017945781,14.5534381191,450.3803,4.9296129139725,3583.33939735,22.7889735714863,2
"34643-ORDEQ:20070918:R:SR",20,20.0181058369294,0.999095526965595,9,12.7013574660633,0.708585678660492,0.270484750045132,0.363636363636364,16.8319359147,299.9319,5.58345300202,2064.54194308,23.48,1
"34661-ORDEQ:20070912:R:SR",29,24.02644525309,1.20700335378453,16,12.7013574660633,1.25970787317421,0.157169365233944,0.203531451994324,16.3360843317,177.5106,6.145539817105,2099.72321573,23.48,1
"35619-ORDEQ:20000703:R:SR",14,13.2716394836007,1.0548809751274,14,12.7013574660633,1.10224438902743,0.198307979893222,0.218098627351296,11.5314810131,1804.0145,2.942562550935,1430.02998012,14.6299719348628,9
"35622-ORDEQ:20000706:R:SR",16,13.3575484722625,1.19782458833855,14,12.7013574660633,1.10224438902743,0.225000657424234,0.230299949161159,11.391871418,2050.3254,2.40816258789,863.356859191,16.4454228219604,6
"35624-ORDEQ:20000723:R:SR",12,11.4837687474641,1.04495312156559,13,12.7013574660633,1.02351264695404,0.184848070488164,0.233802816901408,12.1319003564,1275.0053,2.95278177088,1331.8502851,21.409071673154,6
"35626-ORDEQ:20000728:R:SR",14,12.0218099217403,1.16455010444662,13,12.7013574660633,1.02351264695404,0.165908534539412,0.236619718309859,9.54267521998,1897.2206,2.1345031861425,1236.54185751,20.8316956695384,6
"35627-ORDEQ:20000729:R:SR",10,12.6178741178792,0.792526530743421,9,12.7013574660633,0.708585678660492,0.28119107619662,0.337781484570475,8.8652461074,2081.7519,1.949757064935,1436.18209009,21.0429422061219,7
"35629-ORDEQ:20000802:R:SR",15,12.8600313132261,1.16640462489178,15,12.7013574660633,1.18097613110082,0.220667033932191,0.232603724273113,10.5462815364,1955.4368,2.600380262605,845.29301852,20.3308497723824,6
"35634-ORDEQ:20000813:R:SR",10,12.728171799534,0.78565878568406,13,12.7013574660633,1.02351264695404,0.296736589933171,0.247887323943662,13.1522027266,1003.6677,3.527578496525,660.109110945,16.5986045748057,9
"35694-ORDEQ:20150818:R:SR",20,17.2359396923615,1.16036609299947,13,12.7013574660633,1.02351264695404,0.210602135895048,0.269014084507042,17.1025795254,626.999,6.4398669944825,2296.99082954,25.5375210589651,2
"35696-ORDEQ:19980727:R:SR-1",13,13.9378434613677,0.932712441206045,12,12.7013574660633,0.944780904880656,0.260459958464734,0.279355193258839,13.0854199036,1521.399,4.2858096123725,1080.69293521,16.620070096505,6
"35702-ORDEQ:19980729:R:SR-3",17,15.4914277587212,1.09738109777709,15,12.7013574660633,1.18097613110082,0.181692794312758,0.21594250245018,14.7009413053,1078.0506,4.75036036873,1681.95464906,19.1563161711385,4
"35704-ORDEQ:19980728:R:SR-1",14,14.158597303047,0.988798515866198,9,12.7013574660633,0.708585678660492,0.250104489013761,0.368223519599666,11.8763037065,1754.604,3.6307630340625,1551.25624185,14.6815394891945,7
"35708-ORDEQ:19980807:R:SR-2",16,17.3335217563012,0.923066888826766,14,12.7013574660633,1.10224438902743,0.23170501564109,0.237756312489409,15.3689339833,653.1217,5.10575272904,1924.7993026,39.439854876399,2
"35709-ORDEQ:19980807:R:SR-3",19,17.6918913710761,1.07393831453558,14,12.7013574660633,1.10224438902743,0.221501347263227,0.226232841891205,15.9421345809,556.5684,5.294305155,1747.51117444,44.6995497987928,2
"35711-ORDEQ:19980808:R:SR-2",18,15.0489582010582,1.19609608582302,16,12.7013574660633,1.25970787317421,0.204379500445682,0.194702822008513,12.092347491,1402.2647,3.9116338515625,2090.82394962,13.3319050847458,9
"35713-ORDEQ:19980809:R:SR",13,13.1324988741371,0.98991061218379,13,12.7013574660633,1.02351264695404,0.227997856317993,0.247887323943662,11.1808965005,1576.5113,4.100431910385,2579.11834176,12.7963317393728,9
"35714-ORDEQ:19980811:R:SR-1",14,12.2942395934409,1.13874468555739,13,12.7013574660633,1.02351264695404,0.22700831361278,0.236267605633803,10.3883814066,1633.7442,2.5221615528825,2180.70843731,11.49,7
"35715-ORDEQ:19980728:R:SR-1",14,12.0246192921613,1.16427802492894,13,12.7013574660633,1.02351264695404,0.159000745824588,0.238028169014084,11.9656830577,1717.6966,3.607606374605,1405.03225184,14.9779966081904,9
"35716-ORDEQ:19980811:R:SR-1",14,15.2959402239643,0.915275543380201,13,12.7013574660633,1.02351264695404,0.248287226224957,0.237676056338028,12.1805969357,1287.9573,3.7460127301025,2066.10334857,12.2278941550366,7
"35717-ORDEQ:19980811:R:SR-1",10,13.0283541320049,0.767556661315679,7,12.7013574660633,0.551122194513716,0.324832137597551,0.433624253559945,10.9080329887,1495.5846,2.5489030798325,2335.98504963,12.8302888184699,7
"35721-ORDEQ:19980729:R:SR-3",14,12.8377454441547,1.09053416434383,15,12.7013574660633,1.18097613110082,0.221887503102706,0.214635739954263,13.6105567674,1415.9962,4.395204534895,1526.591617,14.5020220900595,9
"35722-ORDEQ:19980729:R:SR-3",14,16.0145554175936,0.874204724073676,12,12.7013574660633,0.944780904880656,0.254703709526927,0.264334127129511,14.6346590902,1282.9507,4.58651265287,1475.22588178,17.2569896161402,2
"35733-ORDEQ:19980809:R:SR-1",11,13.9524780585098,0.788390417377574,13,12.7013574660633,1.02351264695404,0.291795061499213,0.263380281690141,10.6114613069,1621.9509,3.731968108815,1917.13290498,11.647674868006,6
"35734-ORDEQ:19980808:R:SR-2",10,14.2427700706179,0.702110611237734,12,12.7013574660633,0.944780904880656,0.32515472335039,0.26836416926177,13.5262022168,1157.4145,3.763639356845,2544.52269001,16.2054910512859,6
"35748-ORDEQ:19990704:R:SR",18,18.1167841344981,0.993553815421593,12,12.7013574660633,0.944780904880656,0.247498541896444,0.267265066862063,16.3748937862,881.3634,4.69545659343,3638.4084072,27.5179621512558,2
"35749-ORDEQ:19990703:R:SR",15,17.3299050082123,0.865555811926941,10,12.7013574660633,0.78731742073388,0.27391960161543,0.305959736894559,16.8827178297,779.5635,5.4368242089575,3363.69093766,26.361525748761,3
"35758-ORDEQ:19990808:R:SR",10,14.9891494708995,0.667149261498419,9,12.7013574660633,0.708585678660492,0.377445438356129,0.348206839032527,13.8632855133,1025.8881,4.110206279365,2467.06071656,17.7863654699476,4
"35763-ORDEQ:19990805:R:SR",18,14.2998412578245,1.25875523199608,16,12.7013574660633,1.25970787317421,0.21827893234468,0.199432445215198,11.0198438039,1608.4605,2.8648891859075,1942.29744644,10.9164249640921,9
"35767-ORDEQ:19990817:R:SR",14,14.4922085865312,0.966036330239643,13,12.7013574660633,1.02351264695404,0.205311138562957,0.239084507042254,12.5653166352,1196.1023,3.486374877135,2602.12658377,11.7609337452798,9
"35769-ORDEQ:19990816:R:SR",13,13.6624817727465,0.951510876005851,13,12.7013574660633,1.02351264695404,0.268716529268573,0.236267605633803,14.2379332884,851.7324,4.1058784520175,2118.29690701,23.3402472836268,6
"35770-ORDEQ:19990819:R:SR",14,15.0556918081144,0.929880883484516,16,12.7013574660633,1.25970787317421,0.227016959797932,0.198171212360082,12.0410966595,1070.0761,4.132637115935,2060.51802778,14.5238026369333,2
"35772-ORDEQ:19990817:R:SR",11,15.5507996196241,0.707359124229129,12,12.7013574660633,0.944780904880656,0.355994993169677,0.272027843927459,12.2951503625,921.0915,3.9481278611025,2606.03083183,16.4944616145383,3
"35773-ORDEQ:19990818:R:SR",15,14.4978967197511,1.03463283605579,13,12.7013574660633,1.02351264695404,0.228522203988573,0.237676056338028,12.2838829137,866.9452,3.8609692893625,3048.05546285,13.6885516995059,9
"35791-ORDEQ:19990809:R:SR",14,13.3065588305068,1.05211273465408,15,12.7013574660633,1.18097613110082,0.220554520923755,0.223783077425678,13.7976788395,1439.3364,3.736715025495,1549.1691638,12.5174840255591,4
"35792-ORDEQ:19990811:R:SR",14,13.4942069239434,1.03748223803795,14,12.7013574660633,1.10224438902743,0.20805246885254,0.23673953567192,11.7345786574,1738.1848,3.106300538725,1457.79595318,10.4454152631332,9
"35794-ORDEQ:20150819:R:SR",19,19.0692976885047,0.996366007304688,13,12.7013574660633,1.02351264695404,0.221397822368901,0.260211267605634,16.6025205757,712.6243,6.4189242185175,3968.00089701,30.380632842335,2
"35830-ORDEQ:20000720:R:SR",12,11.8973335106508,1.00862936970349,13,12.7013574660633,1.02351264695404,0.199240237626302,0.237676056338028,10.9014047644,1529.7319,2.8687810362075,1378.50882055,20.4084288633803,6
"35847-ORDEQ:20020613:R:SR",15,11.6154903672169,1.29137897116556,14,12.7013574660633,1.10224438902743,0.170127499159762,0.212675817658024,11.2535251172,1496.6424,3.174202071805,817.362626856,19.4994580781085,6
"35853-ORDEQ:20010613:R:SR",13,11.3614041985509,1.14422476067334,14,12.7013574660633,1.10224438902743,0.162188135193176,0.213692594475513,11.4635132416,1401.0784,3.204582670385,998.477430984,20.0150290496115,2
"35883-ORDEQ:20020816:R:SR",12,12.8319194687477,0.935167963703804,9,12.7013574660633,0.708585678660492,0.279783088926327,0.32860717264387,7.0102092876,2476.7763,2.2291104529575,1209.94782016,19.89,7
"35939-ORDEQ:20090812:T:SR",11,10.13747406639,1.08508292380935,9,12.7013574660633,0.708585678660492,0.160312687084303,0.349040867389491,7.60878508526,2296.4547,1.906381024085,1498.12478772,19.89,7
"35940-ORDEQ:20090813:T:SR",19,15.0619068391438,1.26146046466186,12,12.7013574660633,0.944780904880656,0.197729884354096,0.26470049459608,8.76029113233,2112.8978,2.88876460377,1476.30254387,20.0107072953737,8
"35952-ORDEQ:20090818:R:SR",17,16.464278705507,1.0325384005018,10,12.7013574660633,0.78731742073388,0.255844616571148,0.309148893761212,9.52778014158,2126.2514,3.1084203231,1000.17936344,19.89,8
"35953-ORDEQ:20090818:R:SR",13,11.880996908435,1.09418427596514,13,12.7013574660633,1.02351264695404,0.185659571448299,0.229577464788732,9.79113152593,2094.3287,2.6026434709975,1006.50948605,20.2279361054767,8
"37278-ORDEQ:20140915:R:SR",17,17.4284020734731,0.975419314308503,16,12.7013574660633,1.25970787317421,0.277429985010732,0.189973198801829,14.5198755882,382.0927,5.5315625834825,3446.78638926,24.571956001913,9
"38114-ORDEQ:20150630:R:SR",12,13.3702477801275,0.8975151543441,12,12.7013574660633,0.944780904880656,0.243965636390912,0.260670452463821,14.2045224822,338.2585,5.7150600149375,3312.74742788,24.52,4
"38116-ORDEQ:20150706:R:SR",22,22.7383161272321,0.967529867950604,11,12.7013574660633,0.866049162807268,0.233822435065714,0.288659793814433,16.5328900949,293.3366,5.707087560395,2111.11953325,23.48,1
"38117-ORDEQ:20150820:R:SR",20,20.9433940242764,0.954955055365771,15,12.7013574660633,1.18097613110082,0.248810453753951,0.223783077425678,15.5126549277,292.8314,6.3078870792875,2087.25209731,24.7859367771781,1
"38119-ORDEQ:20150819:R:SR",23,23.973056155226,0.959410425232167,14,12.7013574660633,1.10224438902743,0.239977638278713,0.232672428401966,16.9093681354,288.8176,5.8601780047975,2054.77540378,23.48,4
"38120-ORDEQ:20150707:R:SR",19,17.5134208785555,1.08488228152301,14,12.7013574660633,1.10224438902743,0.202623159210601,0.23673953567192,15.131033443,340.6942,6.22722715661,2321.84989327,24.4425917926566,2
"38128-ORDEQ:20150929:R:SR",14,15.8141409152658,0.885283625270182,8,12.7013574660633,0.629853936587104,0.238063794961164,0.371803278688525,16.1729559113,960.8901,4.742692278585,3739.50463196,27.2802783787682,3
"38130-ORDEQ:20151005:R:SR",20,18.9950132485427,1.0529079257965,14,12.7013574660633,1.10224438902743,0.237918060263165,0.222165734621251,14.9123925788,233.2292,6.2170033669025,2807.93510989,25.7342242019302,1
"38131-ORDEQ:20151006:R:SR",14,16.1317608268341,0.867853184180116,13,12.7013574660633,1.02351264695404,0.281800180131648,0.264788732394366,15.1637113911,459.8169,4.9192376043,3454.4535573,23.3398672376874,1
"38503-ORDEQ:20150729:R:SR",17,16.3346406882591,1.04073302403396,12,12.7013574660633,0.944780904880656,0.206541877888434,0.284850705257373,18.3561121963,651.3287,4.87438323353,2378.20002854,25.97,2
"38552-ORDEQ:20160802:R:SR",16,13.2593688503398,1.20669393698856,17,12.7013574660633,1.3384396152476,0.206138783022856,0.182510664229129,10.3960294996,1373.324,3.662102423545,1625.1886345,12.5332690791203,9
"38558-ORDEQ:20160720:R:SR",16,14.0690161394302,1.13725080996659,15,12.7013574660633,1.18097613110082,0.217475012798866,0.209081999346619,12.709403517,833.2127,3.681170558155,2846.08021569,18.482101529829,2
"38583-ORDEQ:20160818:R:SR",16,12.865882247262,1.24359913238014,11,12.7013574660633,0.866049162807268,0.209291662922489,0.283696067201222,9.08791089549,2037.2311,2.2263328538875,1471.13110642,10.6430943561422,8
"38606-ORDEQ:20160927:R:SR",17,14.4440764257374,1.17695306359002,13,12.7013574660633,1.02351264695404,0.212894626353717,0.232746478873239,9.60442663279,1498.5849,3.5088196984725,1881.66445808,10.3574299065421,5
"505BMCMCR:20100804:T:QCFR",15,16.5227917147251,0.907836899416459,15,12.7013574660633,1.18097613110082,0.253865401804628,0.20516171185887,19.0350298161,961.9336,5.53389902844,1651.66660593,21.2070621104664,2
"505PS0110:20100803:T:SR",14,16.54528292747,0.846162622988812,12,12.7013574660633,0.944780904880656,0.288816999228573,0.264334127129511,18.4388160988,1084.5742,5.732045843475,1882.3373298,15.196681474508,2
"526CE0061:20040803:R:SR",9,12.9831294226977,0.693207292863133,10,12.7013574660633,0.78731742073388,0.350857891771074,0.337452660952761,11.378353295,2181.4175,2.541515864615,749.790756446,19.3010544932022,5
"526PNCAMF:20130625:T:SR",9,12.4056266503017,0.725477257513721,9,12.7013574660633,0.708585678660492,0.360570432226666,0.367806505421184,9.83013165468,2431.7644,2.6360107953475,842.91244822,14.7971100303094,5
"526PS0076:20080826:T:SR",14,13.2609102617111,1.05573446495773,14,12.7013574660633,1.10224438902743,0.24221796908208,0.22284358583291,10.5204420511,2338.4113,2.54216659152,788.296540847,16.6446812475481,6
"526PS1612:20150804:T:SR",7,12.8449326696378,0.544961984623419,7,12.7013574660633,0.551122194513716,0.457394208626475,0.457969683050069,11.5221009145,2134.743,2.8797963781075,733.89855383,22.9321530553969,5
"dfw_2150:20090922:R:SR",22,23.6396027490532,0.930641696205372,13,12.7013574660633,1.02351264695404,0.261181455657155,0.260915492957746,15.9498370173,231.7398,6.03389847871,2024.70106583,23.48,1
"dfw_8008:20090818:R:SR",19,16.792472893364,1.13145932231984,14,12.7013574660633,1.10224438902743,0.191196013158078,0.227588544314523,17.3422347149,712.1088,5.85803940916,1081.58076342,25.9933052803041,1
"PIBO:0904:20000820:R:SR",10,12.8778384087058,0.776527836631315,10,12.7013574660633,0.78731742073388,0.303221401914851,0.30157464620291,10.0156754548,1802.0979,2.11712448938,1198.75447159,21.0037731760173,6
"PIBO_1432:20100804:R:SR",12,11.6606883858412,1.02909876354905,13,12.7013574660633,1.02351264695404,0.194480467173482,0.233098591549296,8.47470627095,2119.1111,1.878234864665,1401.07636068,20.1596526884487,6
