STATION_KEY,StationDes,FieldEvalDate,Lat_DD,Long_DD,Datum,PointSelectionType,TotalNitrogen,TotalPhosphorous,SpecificConductance,pH,InstantTemp,AugTempAvg,TurbidityAvg,PctFinesLessThan2mm,PctFinesLessThan6mm,COMID,L2Eco,L3Eco,EcoRegion4
BA-TR-1419,BIG FIR (11/22/19),11/22/2019,42.771834,-118.68542,,Targeted,,,,,,,,46.2,58.7,,,,
IN-LS-035,Sand Hollow Creek,8/17/2016,43.915844,-120.088392,,RandomGRTS,,,,,,15.84,,99.5,99.5,,,,
IS-SS-027,KELLY CREEK,6/9/2017,44.062996,-120.077663,,RandomGRTS,,,,,,16.83,,10.9,13.6,,,,
IS-SS-138,JUNIPER SPRING CANYON,6/6/2017,43.787372,-119.919196,,RandomGRTS,,,,,,,,34.3,53.3,,,,
IS-SS-153,TRIB TO BLACK SNAG CREEK,6/28/2017,43.926925,-119.798314,,RandomGRTS,,,,,,14.63,,100,100,,,,
1528,,8/4/2015,44.137781,-123.703944,,RandomGRTS,,,,,,,,1.9,2.8,,,,
1530,,8/29/2015,44.1608,-123.677272,,RandomGRTS,,,,,,,,7.4,9.2,,,,
1604,,8/3/2015,44.187764,-124.054327,,RandomGRTS,,,,,,,,1.4,3.3,,,,
2890,,8/2/2015,44.240759,-124.059774,,RandomGRTS,,,,,,,,1.4,2.8,,,,
4403,,8/27/2015,43.539384,-123.672289,,RandomGRTS,,,,,,,,21.6,24.8,,,,
4524,,8/17/2015,42.411399,-123.855591,,RandomGRTS,,,,,,,,1,2.4,,,,
4528,,8/17/2015,42.407257,-123.855336,,RandomGRTS,,,,,,,,1.8,2.3,,,,
4850,,8/13/2015,44.319768,-123.489616,,RandomGRTS,,,,,,,,17,22.5,,,,
4851,,8/30/2015,44.318686,-123.494268,,RandomGRTS,,,,,,,,11.5,13.9,,,,
5047,,7/31/2015,43.989912,-123.453528,,RandomGRTS,,,,,,,,20.7,22.5,,,,
5048,,7/30/2015,43.988288,-123.456334,,RandomGRTS,,,,,,,,58.3,61.2,,,,
762,,8/28/2015,43.864768,-123.353538,,RandomGRTS,,,,,,,,20.1,20.1,,,,
ORCMP1009,,7/21/2015,43.537283,-123.665491,,RandomGRTS,,,,,,,,7,9.3,,,,
ORWLF1003,,7/19/2015,43.500082,-123.639296,,RandomGRTS,,,,,,,,28.7,35.2,,,,
ORWLF1007,,7/20/2015,43.468954,-123.609699,,RandomGRTS,,,,,,,,24.4,27.2,,,,
ORWLF1008,,7/15/2015,43.418313,-123.649156,,RandomGRTS,,,,,,,,26.3,33.3,,,,
ORWLF1011,,7/17/2015,43.400328,-123.635349,,RandomGRTS,,,,,,,,18.3,19.7,,,,
ORWLF1014,,7/18/2015,43.49145,-123.618807,,RandomGRTS,,,,,,,,26.3,30.1,,,,
ORWLF1015,,7/18/2015,43.417313,-123.624583,,RandomGRTS,,,,,,,,10.3,10.7,,,,
XN-LS-4007,Coyote Creek,6/25/2021 16:21,42.98679393,-118.4599668,,RandomGRTS,195,46.7,124.1,8.08,13.3,13.75,,52.4,55.2,,,,
XN-LS-4059,Willow Creek,6/27/2021 16:27,42.17338857,-118.2237203,,RandomGRTS,537,91.4,95.3,8.04,13.6,12.60999966,,45.7,50,,,,
XN-SS-4100,Big Trout Creek,6/28/2021 13:44,42.01408636,-118.2421548,,RandomGRTS,448,35.8,47.7,7.44,6.3,10.86999989,,7.6,9,,,,
XN-SS-4164,Threemile Creek,6/26/2021 16:02,42.5190085,-118.9022955,,RandomGRTS,637,60.5,83.4,7.57,10,11.57999992,,29.5,31,,,,
XN-RO-4081,,7/27/2021 16:09,43.53400583,-117.1016848,,RandomGRTS,709,305.2,446.3,8.09,22.4,20.12999916,,28.1,31.9,,,,
AF-SS-1206,Willow Creek,9/2/2021 17:54,42.678037,-118.524857,,RandomGRTS,,,63.4,7.2,10.5,13.22999954,,16.9,33.3,,,,
AF-SS-1221,Little McCoy Creek,9/17/2021 21:46,42.70820802,-118.5046392,,Targeted,107,29.4,86.7,7.43,10.1,13.61999989,,18.6,27.9,,,,
AO-LS-1111,Colony Creek,6/25/2021 20:18,42.06770767,-118.6050861,,RandomGRTS,160,43.6,212.9,8.42,17.4,0,,37.6,56.2,,,,
AO-LS-1112,Deep Creek,6/27/2021 17:35,42.02880971,-118.7267361,,RandomGRTS,253,23.6,181.1,7.63,15.1,13.30000019,,75,86.8,,,,
AO-SS-1141,Coyote Creek,9/21/2021 17:44,42.92485843,-118.4275388,,RandomGRTS,2586,218,234.2,6.7,14.2,11.68999958,,92.9,92.9,,,,
AO-SS-1143,,8/23/2021 19:15,42.12397658,-118.6359702,,RandomGRTS,400,209.8,166.5,7.87,17.3,0,,21,28.6,,,,
AO-SS-1145,Little Blitzen River,9/29/2021 22:54,42.67614364,-118.593807,,RandomGRTS,53,1,44,7.64,1.9,5.15999985,,9.2,10,,,,
AO-SS-1158,Cucamonga Creek,10/1/2021 15:39,42.84121713,-118.5834184,,Targeted,256,37.8,72.4,7.88,4.1,10.89999962,,49.4,61.9,,,,
AR-LS-1235,Fish Creek,8/6/2021 23:02,42.74812631,-118.7370485,,RandomGRTS,131,14,105.4,7.06,13.6,11.11999989,,6.8,13.6,,,,
BA-TR-1180,Riddle Creek,8/8/2021 21:48,42.899389,-118.4539073,,Targeted,158,15.2,116,6.95,8.6,12.03999996,,86.6,87.1,,,,
BA-TR-14016,McCoy Creek,9/30/2021 17:44,42.83962654,-118.6073147,,Targeted,229,27.2,104.3,7.68,5.4,12.52000046,,1.3,1.7,,,,
BA-TR-17612,Mann Creek,10/5/2021 16:31,42.73108039,-118.5106789,,Targeted,58,11.1,85.1,7.59,8.1,0,,11,11.9,,,,
BA-TR-22624,Mosquito Creek,9/16/2021 18:30,42.69644591,-118.5026908,,Targeted,54,16,74.6,7.23,12.4,12.94999981,,2.9,7.7,,,,
BA-TR-24681,Cottonwood Creek,8/23/2021 18:42,42.653013,-118.51103,,Targeted,80,11.9,81.1,7.69,14.7,11.52000046,,6.7,7.2,,,,
BA-TR-26272,Big Alvord Creek,8/22/2021 17:00,42.6269788,-118.5208163,,Targeted,39,1,71.6,7.49,12,10.52000046,,37.8,43.1,,,,
BT-RV-1007,South Fork Malheur River,7/24/2021 20:21,43.38045963,-118.2807496,,RandomGRTS,613,84,269.1,7.91,20.9,19.59000015,,46.4,48.8,,,,
BT-SS-1371,Swamp Creek,7/25/2021 18:29,43.014054,-118.607423,,RandomGRTS,190,27.3,117.6,7.36,18,15.52999973,,16.4,47.7,,,,
LL-LS-1009,Drake Creek,10/14/2021 15:49,42.23667116,-120.0275353,,RandomGRTS,134,24.2,94.9,6.43,3.3,15.85999966,,2.3,4.1,,,,
LL-SS-1013,Parsnip Creek,10/12/2021 18:49,42.2186337,-120.0662074,,RandomGRTS,174,142,194,6.3,6,,,7.5,9,,,,
MF-LS-1117,Little Whitehorse Creek,8/22/2021 16:21,42.11806405,-118.173082,,RandomGRTS,449,48.4,96.8,7.75,7.7,13.94999981,,44.5,56.9,,,,
MF-RV-1122,Whitehorse Creek,9/20/2021 16:47,42.2376204,-118.1348954,,RandomGRTS,,,143.9,7.9,9.4,15.73999977,,13.3,18.1,,,,
MO-LS-1008,Payne Creek,8/21/2021 16:56,42.04932145,-118.0731154,,RandomGRTS,369,57.4,289.2,7.46,12.9,16.36000061,,89.5,90.4,,,,
MO-LS-1035,Granite Creek,9/18/2021 17:42,43.53396449,-118.0811451,,RandomGRTS,490,88.9,250.8,8.27,16.3,17.77000046,,16.9,20.8,,,,
MO-SS-1071,Camp Creek,9/17/2021 20:41,43.62653085,-117.8668726,,RandomGRTS,75,16.8,172.2,7.56,12.2,16.01000023,,,,,,,
MR-LS-1177,West Little Owyhee River,8/8/2021 18:17,42.18118086,-117.26774,,RandomGRTS,,,204.3,8.72,22.1,16.21999931,,13.1,19.2,,,,
VM-TR-33488,Little Whitehorse Creek,8/5/2021 15:12,42.22329345,-118.1904433,,Targeted,305,101,249.5,7.95,15.4,15.03999996,,78.1,85.7,,,,
VM-TR-47410,Field Creek,8/7/2021 17:05,42.2862863,-117.3963546,,Targeted,,,219.6,6.57,15.4,16.90999985,,81.4,83.3,,,,
VM-TR-51231,Antelope Creek,8/20/2021 17:45,42.42916337,-117.3427343,,Targeted,,,428.7,7.39,14.7,18.05999947,,31.4,43.8,,,,
VM-TR-79754,Antelope Creek,8/6/2021 16:44,42.219408,-117.535789,,Targeted,,,106.2,7.01,18.1,16.29000092,,41.4,45.5,,,,
PC-TR-5689,Wall Creek,8/6/2021 14:32,44.92933107,-119.4994861,,Targeted,444,164.3,344.2,7.64,14.6,16.54000092,,,,,,,
XN-SS-4108,Dog Creek,5/2/2022 10:05,43.2112826,-117.1039139,,RandomGRTS,502,135,105.3,7.98,7,15.45,,29.6,29.6,,,,
PC-TR-99758,John Day River,5/26/2022 10:36,45.2449117,-120.5516408,,Targeted,226,26,,,,21.58,,,,,,,
XN-SS-4176,Twelvemile Creek,7/6/2022 9:27,42.3555713,-118.050491,,RandomGRTS,259,110,164.3,7.21,13.7,16.27,,58.7,62.5,,,,
XN-LS-4009,Willow Creek,7/6/2022 15:03,42.1939642,-118.6313052,,RandomGRTS,927,82,427.1,8.77,27.2,17.67,,44.3,46.2,,,,
XN-SS-4130,Mud Creek,7/20/2022 7:53,42.79298753,-118.7646261,,RandomGRTS,213,25,96.2,7.8,12.9,12.91,,2.9,5.2,,,,
XN-RO-4084,Dry Creek,7/28/2022 9:14,43.52239524,-117.6625671,,RandomGRTS,453,33,389.9,,20.3,16.87,,30,38.2,,,,
SB-TR-13971,Lone Ranch Creek,8/4/2022 17:06,48.97555428,-118.5180383,,Targeted,359,27,,,,12.34,,17.6,21.6,,,,
XN-SS-4114,Wildhorse Creek,8/5/2022 12:33,42.54824494,-118.6078861,,RandomGRTS,62,24,86.5,8.5,18,13.39,,1.4,1.4,,,,
XN-SS-4175,Doolittle Creek,8/3/2022 9:27,42.21652742,-118.1025902,,RandomGRTS,372,30,194.1,7.87,11.5,14.11,,13.9,18.7,,,,
SW-TR-31698,Klickitat River,8/21/2022 9:36,45.83186015,-121.0812097,,Targeted,42,237,72,7.83,13.7,15.05,,,,,,,
MR-RV-1172,Owyhee River,8/31/2023 10:43,43.0631804,-117.689442,,RandomGRTS,,,316.7,8.16,21.5,20.99,,,,,,,
BA-TR-12853,Stonehouse Creek,7/22/2021 22:12,42.87895124,-118.4037687,,Targeted,237,69.4,163.1,7.65,12.6,0,,,,,,,
BA-TR-22706,Pike Creek,8/19/2021 21:45,42.57796094,-118.5339991,,Targeted,87,48.8,136.4,7.64,12.9,0,,,,,,,
BA-TR-30762,Little Alvord Creek,8/21/2021 16:44,42.60267687,-118.5413328,,Targeted,71,1,96.8,7.5,11.3,0,,21.9,36.7,,,,
BA-TR-30973,Burke Spring,10/4/2021 15:27,42.35403476,-118.6769053,,Targeted,62,71.7,416.7,8.38,10.6,0,,81.8,85.2,,,,
BA-TR-34449,Pass Creek,10/3/2021 15:03,42.29937317,-118.7370627,,Targeted,156,41.3,462,8.3,7.7,0,,100,100,,,,
OPC-TR-61493,,8/11/2024 20:15,44.59948242,-119.6704282,,Targeted,,,236.6,8.51,18.3,17.1,,3.3,6.7,,,,
SW-RV-15631,Columbia River,3/3/2024 20:00,47.12367879,-120.0090108,,RandomGRTS,109,14,141.3,8.99,17,19.1,,,,,,,
PSF-RV-1001,Little Deschutes River,9/5/2024 16:14,43.77928762,-121.4703905,,Targeted,125,40,35.1,7.46,16.8,16.9,,85.2,85.7,,,,
PR-TR-012,South Fork Crooked River,8/24/2024 16:00,43.96914677,-120.044436,,Targeted,467,60,505,8.24,12.8,17.8,,,,,,,
SW-RV-11023,Similkameen River,9/19/2024 23:00,48.95003708,-119.4782428,,RandomGRTS,45,10,204.2,8.35,18.6,19.5,,,,,,,
PR-RV-14159,John Day River,9/22/2024 18:36,45.38108195,-120.5313314,,RandomGRTS,272,11,301.2,7.85,17.5,21.2,,6.3,8.7,,,,
PR-RV-11039,Crooked River,6/29/2024 15:20,44.10998252,-120.794658,,RandomGRTS,347,59,175,7.63,8.3,15,,13,14.9,,,,
SW-RV-11535,Yakima River,10/5/2024 16:11,46.93206321,-120.5225531,,RandomGRTS,174,19,80.9,7.34,10.5,17.2,,,,,,,
SWF-TR-68917,,9/8/2024 16:06,46.93812122,-120.5302688,,Targeted,298,14,83.8,6.85,17.3,,,,,,,,
OPC-TR-94650,South Fork Crooked River,7/1/2024 20:05,44.06189494,-120.0433043,,Targeted,510,58,543,8.75,21.6,19.1,,48.3,52.2,,,,
PWS-SR-44063,Crooked River,6/29/2024 14:52,44.1305363,-120.8222686,,RandomGRTS,343,66,171.8,7.93,8.2,14.3,,6.7,7.2,,,,
PR-RV-14335,John Day River,9/19/2024 19:33,44.79608403,-120.3915118,,RandomGRTS,259,16,301.9,7.93,19.5,22.2,,3.2,4,,,,
SB-RV-13555,Rock Creek,8/26/2024 12:35,47.02709072,-117.9544456,,RandomGRTS,1486,89,384.1,7.78,12.7,20,,15.8,15.8,,,,
PC-TR-20689,North Fork John Day River,5/10/2024 16:24,44.86581617,-119.406578,,Targeted,76,10,149.4,8.01,9.3,22.2,,0,0,,,,
PR-TR-011,South Fork Crooked River,8/25/2024 19:53,43.9962925,-120.0316105,,Targeted,342,50,516,7.95,13.9,17.8,,42.1,44.3,,,,
SB-LS-14579,Crab Creek,8/25/2024 21:11,47.30411032,-118.3617346,,RandomGRTS,864,78,397.5,8.14,14,18.1,,70.5,70.5,,,,
PWS-SR-52255,Crooked River,6/29/2024 16:56,44.15923247,-120.833483,,RandomGRTS,252,55,172.8,7.96,8.8,13.2,,18.3,19.6,,,,
PWS-SR-62239,Deschutes River,10/4/2024 16:59,44.36175717,-121.2595632,,RandomGRTS,51,28,55.6,7.35,9.7,18.8,,,,,,,
OPC-TR-38900,Camp Creek,8/23/2024 14:30,44.06293192,-120.1279237,,Targeted,627,236,303.6,8.01,15.5,17.6,,49.5,50,,,,
SB-LS-12815,Wilson Creek,7/30/2024 16:27,47.692373,-118.8493567,,RandomGRTS,2274,453,586,5.73,15,16.2,,74.8,74.8,,,,
SB-RV-11763,Crab Creek,9/20/2024 15:49,47.34787172,-118.7679671,,RandomGRTS,1842,160,462,7.49,9.7,18.8,,40,40,,,,
LL-LS-1000,Camas Creek,7/13/2024 21:00,42.2193266,-120.0976396,,RandomGRTS,281,78,117.1,8.26,24.9,17.3,,22.9,30,,,,
OPC-TR-16318,,9/21/2024 15:51,44.3123418,-120.2303836,,Targeted,153,21,224.4,7.3,8.8,16.9,,28.8,35,,,,
PD-TR-32971,Bear Creek,9/23/2024 18:35,44.03168375,-120.7037536,,Targeted,280,61,589,8.02,12.1,14.8,,51.5,60.9,,,,
PD-TR-27289,Bear Creek,9/23/2024 20:40,43.96752909,-120.676862,,Targeted,352,40,487,8.44,16.8,16.4,,31.4,41,,,,
OPC-TR-90738,South Fork John Day River,8/10/2024 17:22,44.12331865,-119.4919076,,Targeted,104,10,652,8.08,17.2,17.4,,,,,,,
LK-LS-1003,East Branch Lost River,9/8/2024 15:54,42.00441554,-121.1261503,,RandomGRTS,893,96,89.2,6.88,16.1,18.8,,44.3,45.7,,,,
LK-LS-1002,Antelope Creek,9/7/2024 17:08,42.02335295,-121.0867385,,RandomGRTS,1125,171,187.8,7.57,17.3,17.8,,47,53.9,,,,
OPC-TR-96248,Camp Creek,8/22/2024 15:48,44.07365977,-120.127884,,Targeted,697,179,323.6,7.9,15,17.8,,41.4,43.3,,,,
LK-TR-98230,Long Prairie Creek,9/6/2024 16:03,42.02770366,-122.261371,,Targeted,80,10,259.3,7.72,14.8,15.7,,91.5,91.5,,,,
PR-SS-12255,Lookout Creek,9/20/2024 15:24,44.31476445,-120.2358494,,RandomGRTS,40,24,149.6,7.93,6.7,14,,71.7,75,,,,
LK-LS-1018,Antelope Creek,9/9/2024 18:55,42.033431,-121.083805,,RandomGRTS,291,17,182.8,7.84,14.7,16.2,,42,45,,,,
PR-LS-14091,Bear Creek,7/2/2024 15:32,43.97514839,-120.6888729,,RandomGRTS,301,26,594,8.37,15.3,16.1,,69.9,70.8,,,,
SW-LS-20751,Cowiche Creek,10/6/2024 18:47,46.62313384,-120.6420314,,RandomGRTS,1400,219,404.8,8.27,8.7,16,,11.1,11.1,,,,
LL-RV-1015,Buck Creek,8/24/2024 21:26,43.14132585,-121.1258923,,RandomGRTS,89,65,44.4,6.97,13.1,15.8,,60.5,61.6,,,,
LL-LS-1010,Twelvemile Creek,9/7/2024 16:23,42.00766394,-119.9584064,,RandomGRTS,198,55,134.4,7.76,17.6,19.7,,3.9,5.2,,,,
PWS-SR-53023,Deschutes River,10/3/2024 15:57,44.41301464,-121.2932897,,RandomGRTS,249,60,97.8,7.79,9.6,15.6,,,,,,,
LK-TR-1136,Spencer Creek,7/25/2024 16:30,42.22675075,-122.1007815,,Targeted,19,10,121.5,7.83,14.3,15.1,,9.5,12.9,,,,
PR-TR-010,South Fork Crooked River,8/26/2024 15:32,44.02023515,-120.0139556,,Targeted,436,49,525,8.12,14.4,18.5,,13.6,17.3,,,,
LK-TR-85803,Barnes Valley Creek,7/11/2024 17:15,42.17273616,-121.0427713,,Targeted,345,16,233.1,8.78,23.2,17.8,,11,11,,,,
SW-LS-12559,Douglas Creek,7/29/2024 23:00,47.49408359,-119.9049469,,RandomGRTS,277,81,297.6,7.68,14.4,16.2,,69.2,69.2,,,,
SW-LS-19727,Douglas Creek,7/28/2024 16:08,47.47358842,-119.8814968,,RandomGRTS,3200,94,277.2,7.87,17.1,17.8,,17.6,18.1,,,,
LK-TR-51705,,7/14/2024 16:19,42.17749951,-121.0148754,,Targeted,452,76,213.2,7.31,17.8,18.6,,47.7,51.4,,,,
PR-LS-14287,White River,10/7/2024 19:34,45.14256646,-121.3818878,,RandomGRTS,34,29,85.4,7.71,8.2,13.9,,24.2,26.6,,,,
LL-LS-1025,Drake Creek,8/22/2024 19:42,42.22506756,-120.0249132,,RandomGRTS,137,46,77,7.61,12.5,16,,26.5,31.8,,,,
LK-SS-1027,Johnson Creek,8/24/2024 18:04,42.24327452,-122.2368151,,RandomGRTS,516,102,88.3,7.15,9.1,10.6,,50,54.5,,,,
SWF-TR-17092,Entiat River,7/25/2024 21:26,47.71723705,-120.3428601,,Targeted,10,10,63,8.12,20,16.5,,,,,,,
PC-TR-33428,South Fork John Day River,8/8/2024 17:55,44.20247438,-119.5303067,,Targeted,89,10,518,8.3,14.3,17.1,,24.8,25.2,,,,
LL-RV-1002,Deep Creek,7/15/2024 15:17,42.18942058,-120.0059513,,RandomGRTS,336,36,134.4,8.18,18.3,18,,5.2,8.8,,,,
OPC-TR-83659,Bronco Creek,10/15/2024 18:00,44.21200296,-119.6738382,,Targeted,420,14,242.1,7.2,7.1,14.9,,66.5,68.3,,,,
OPC-TR-40936,,7/12/2024 16:22,44.00911544,-120.1966009,,Targeted,194,58,114.3,7.78,13.6,,,91,91,,,,
OPC-TR-18343,Bridge Creek,9/9/2024 21:51,44.58771288,-120.1869728,,Targeted,115,30,333.2,8.75,18.6,17,,15.2,17.1,,,,
PR-SS-10015,Sanford Creek,7/11/2024 16:22,44.12602922,-120.6478259,,Targeted,29,12,442.5,8.4,17.1,14.6,,34.5,38.6,,,,
SW-LS-15103,Rock Creek,9/24/2024 20:12,45.8802997,-120.5503057,,RandomGRTS,32,14,99.7,7.19,14.2,16.5,,2.4,2.4,,,,
SWF-TR-12117,Salmon Creek,9/5/2024 15:25,48.44861,-119.67188,,Targeted,140,20,190.1,8.02,16,15.5,,25.3,27.4,,,,
PWS-SR-1253,Crooked River,10/5/2024 22:15,44.43148748,-121.238296,,RandomGRTS,861,79,306.9,8.34,12,15.8,,,,,,,
PR-LS-11167,Deer Creek,7/15/2024 16:23,44.19740225,-119.4810163,,Targeted,60,11,323.5,8.48,12.5,13.4,,28.6,31.9,,,,
LL-LS-1018,Camas Creek,8/26/2024 17:10,42.19206673,-120.0500503,,RandomGRTS,259,61,106,7.37,14,18,,5.7,8.6,,,,
SW-LS-11007,Rock Creek,8/11/2024 19:30,45.86827936,-120.5377089,,RandomGRTS,102,71,228,7.98,19.3,16.8,,0,1,,,,
LL-SS-1038,,9/5/2024 17:19,42.00294066,-119.9300446,,RandomGRTS,691,107,274.3,6.2,13.6,17.6,,91.7,91.7,,,,
LL-SS-1029,Parsnip Creek,9/8/2024 21:44,42.21452984,-120.059697,,RandomGRTS,222,111,128.3,,13.3,16.3,,59.4,62.2,,,,
LL-LS-1020,Twelvemile Creek,8/27/2024 16:27,41.99766707,-120.0130783,,RandomGRTS,60,12,106.5,7.56,12.1,18,,11.7,14.8,,,,
SWF-TR-71140,Umtanum Creek,9/7/2024 15:03,46.85541516,-120.4865934,,Targeted,97,81,216.7,7.69,14.5,17.3,,1.7,3.3,,,,
LL-SS-1042,,9/10/2024 15:29,42.44114162,-119.3317506,,RandomGRTS,1002,142,43.7,6.71,10.1,15.5,,82.4,84.8,,,,
LK-LS-1050,Antelope Creek,8/9/2024 15:47,42.03605003,-121.0753604,,RandomGRTS,437,29,204.4,8.14,13,15.1,,2.6,4.8,,,,
LK-SS-1033,,9/5/2024 16:35,42.24523318,-122.1207042,,RandomGRTS,119,10,104.8,7.51,12,14.2,,3.2,4.5,,,,
SW-SS-19190,Duffy Creek,7/28/2024 20:13,47.49155136,-119.9743614,,RandomGRTS,466,146,147.1,7.28,16.4,14,,27.9,27.9,,,,
LK-SS-1015,,8/26/2024 0:07,42.24220397,-122.2213572,,RandomGRTS,130,10,81.2,6.89,,,,79.2,80,,,,
LK-SS-1031,,8/22/2024 18:01,42.24239407,-122.2270547,,RandomGRTS,122,10,43.3,6.84,10,,,70.7,72,,,,
SB-SS-14863,Linton Creek,8/13/2024 15:34,48.85794844,-117.3955989,,RandomGRTS,10,10,145.5,7.73,7.7,12.1,,19.5,22.6,,,,
SB-SS-14095,,8/8/2024 15:36,48.04286502,-118.092627,,RandomGRTS,65,28,340.8,8.19,11.5,10.4,,28.3,30.8,,,,
LL-SS-1013,Parsnip Creek,7/11/2024 18:24,42.21849242,-120.0660106,,RandomGRTS,318,68,130.5,7.5,18.4,16.1,,9.6,13.4,,,,
SB-SS-21263,O-Ra-Pak-En Creek,8/10/2024 15:05,48.02188274,-118.120243,,RandomGRTS,235,43,367.2,8.28,11,9.7,,36.7,46.1,,,,
LK-LS-1001,East Miner's Creek,7/25/2024 15:48,42.22243908,-122.1181818,,RandomGRTS,37,10,118.3,7.45,11.4,11.1,,10,10.4,,,,
SB-SS-22287,North Fork Chamokane Creek,8/11/2024 18:18,48.1061232,-118.0159481,,RandomGRTS,101,10,248.3,8.02,12.9,11.1,,26.2,32.4,,,,
SW-SS-19199,Rock Creek,8/10/2024 17:35,45.88591387,-120.5631663,,RandomGRTS,312,163,188.83,7.21,17.1,16.6,,7.1,8.6,,,,
SB-TR-13971,Lone Ranch Creek,10/3/2024 16:17,48.97551469,-118.5180552,,Targeted,934,20,322.7,8.1,4.8,12.3,,3.8,4.8,,,,
PR-RV-14415,John Day River,10/16/2024 22:29,45.53039505,-120.362904,,RandomGRTS,212,10,305.9,8.2,13.6,21.8,,,,,,,
SW-RV-10511,Yakima River,8/8/2024 15:06,46.7682395,-120.4499534,,RandomGRTS,197,21,84.8,8.06,20.1,17.3,,,,,,,
SW-RV-10767,Similkameen River,8/22/2024 15:41,48.98739376,-119.5746237,,RandomGRTS,51,0,201.1,8.06,19.2,18.6,,5.9,5.9,,,,
BF-LS-1120,WALLUPA CREEK,10/4/2019,45.828735,-117.529703,,RandomGRTS,108.4,55.1,111.2,7.5,10.4,15.42,2.2,1.9,2.9,,,,
BF-RV-1101,WILDCAT CREEK,7/18/2020,45.872037,-117.498106,,RandomGRTS,140,49.5,134.7,7.67,14.4,15.96,1.01,1.8,2.3,,,,
BF-RV-1105,GRANDE RONDE RIVER,7/17/2020,46.025467,-117.169291,,RandomGRTS,151,22.9,90.7,7.93,19.9,20.73,0.67,0,,,,,
BO-LS-1022,,8/13/2019,44.556502,-117.74132,,RandomGRTS,111.4,56.2,112.1,7.03,12.1,14.93,5.53,27.6,30.5,,,,
BO-RV-1011,POWDER RIVER,9/4/2020,44.938507,-117.706897,,RandomGRTS,760,262,231.5,7.84,16.5,17.51,2.16,8.7,15.7,,,,
BO-RV-1026,BURNT RIVER,9/18/2019,44.547625,-117.687601,,RandomGRTS,800.2,225.5,476,8.14,13.4,17.38,8.07,36.6,37.4,,,,
BO-SS-1028,HEINEY CREEK,9/21/2019,44.475402,-117.268492,,RandomGRTS,161.4,83.5,818,8.22,9.8,13.22,13.97,58.6,60,,,,
BO-SS-1040,,8/10/2019,44.561059,-117.253234,,RandomGRTS,395.8,21.2,187.1,8.05,12.4,,2.83,26.2,32,,,,
BRF-LS-1165,GRANDE RONDE RIVER,7/14/2020,45.746673,-117.775263,,RandomGRTS,138,21.7,74.6,8.5,14.1,18.92,0.73,3.2,,,,,
BRF-SS-1164,GRANDE RONDE RIVER,10/3/2019,45.733016,-117.781499,,RandomGRTS,364.8,11.2,204.1,8.53,8.7,19.09,2.13,,,,,,
BR-LS-1134,GRANDE RONDE RIVER,7/15/2020,45.808162,-117.746896,,RandomGRTS,152,19.8,99.4,7.74,15.2,18.49,0.8,0,,,,,
BR-SS-1137,GRANDE RONDE RIVER,7/15/2020,45.845574,-117.732696,,RandomGRTS,172,20.9,93.4,8.75,16.6,18.3,0.69,0,,,,,
BSG-LS-1077,EAST CLOVER CREEK,8/9/2019,44.906987,-117.504801,,RandomGRTS,110.4,50.9,108.8,8.16,17.7,15.74,8.37,24.3,30.5,,,,
BSG-SS-1073,,8/8/2019,44.908979,-117.494954,,RandomGRTS,394.6,78.7,130.4,8.3,21.2,15.71,1.53,44.1,48.8,,,,
BSG-SS-1084,UPPER BEAVER TRIB,9/21/2019,44.405413,-117.442771,,RandomGRTS,528.5,162.1,277.7,7.63,8.2,,13.33,100,100,,,,
VB-TR-1020,CHICKEN CK #1013,8/12/2019,44.308678,-117.288001,,Targeted,135.7,27.7,437.7,7.5,17.4,17.8,1.47,94.8,95.3,,,,
VB-TR-1072,LOVE CREEK,10/5/2019,44.817729,-117.436162,,Targeted,375.7,27.4,382.6,8.03,11.8,16.67,1.33,95.5,95.5,,,,
VB-TR-1177,DURBIN CREEK #1011,9/10/2019,44.342879,-117.294615,,Targeted,161.6,20.5,639,8.16,16.4,17.83,4.4,49,51.4,,,,
VB-TR-1219,DURBIN CK #1018,6/27/2019,44.356168,-117.352781,,Targeted,206.1,108.7,347.3,8.2,14.3,16.56,2.67,72.9,74.3,,,,
VB-TR-1225,BENSON CK #1040,6/25/2019,44.312288,-117.329308,,Targeted,193.7,105,274.3,8.01,19.8,16.98,23.27,95.7,95.7,,,,
VB-TR-1356,SHEEP CREEK,9/20/2019,45.072829,-118.451074,,Targeted,90,21.5,88.9,7.64,7.7,15.8,1.53,24.8,26.1,,,,
VB-TR-1361,DURBIN CK (TRAIL GULCH) #1040,6/21/2019,44.349617,-117.339168,,Targeted,162.3,14.2,368.2,8.42,10.6,16.82,1.73,40,44.8,,,,
VB-TR-1427,CATTRILL CK #11002,9/23/2019,44.642999,-117.420541,,Targeted,111.1,36.2,278.5,7.86,11.5,16.03,0.8,64.3,67.6,,,,
VB-TR-1493,BENSON CK #1013,6/28/2019,44.321461,-117.307402,,Targeted,262.9,117,531,8.8,24,17.59,0.7,58.1,60,,,,
AO-LS-1109,BRIDGE CREEK,7/29/2019,42.850886,-118.808402,,RandomGRTS,369.5,33.6,104.8,7.65,11.2,13.32,,11.6,14.1,,,,
BA-TR-1083,LITTLE FIR CREEK - NORTH/FIR,7/27/2019,42.780218,-118.691849,,Targeted,74.7,15.6,83.3,7.13,14,10.67,,34.3,38.1,,,,
BA-TR-1172,LITTLE FIR CREEK - CABIN,7/26/2019,42.781568,-118.697976,,Targeted,75.3,22.6,58.6,7.07,13.8,10.67,,29.5,36.5,,,,
BA-TR-1479,KRUMBO CREEK,8/23/2019,42.933406,-118.760918,,Targeted,684.2,32.1,116.5,8.27,14.7,15.27,,21,33.3,,,,
BT-LS-1034,RATTLESNAKE CREEK,8/12/2019,43.710108,-118.798872,,RandomGRTS,116,30.9,139.7,7.99,13.9,14.63,,39.3,43,,,,
BT-RV-1000,EMIGRANT CREEK,6/30/2019,43.8284,-119.249488,,RandomGRTS,196.8,33.7,127,8.12,15.3,15.99,,33.3,36.2,,,,
BT-RV-1004,SILVIES RIVER,9/5/2020,43.725105,-119.183215,,RandomGRTS,394,46.5,84.3,8.05,20.6,18.34,,0,,,,,
BT-SS-1053,NEWELL CREEK,6/27/2019,43.978136,-118.875808,,RandomGRTS,207.4,110.1,122.3,8.47,12.2,13.71,,55,67.1,,,,
BT-SS-1340,LAKE CREEK,8/10/2019,43.744723,-119.223016,,RandomGRTS,227.7,39.2,98.2,7.94,12.3,12.76,,17,21,,,,
BT-TR-1002,LANDING CREEK,9/22/2019,43.775187,-119.140775,,Targeted,111.7,10.3,157.7,6.8,7.9,13.55,,77.5,78,,,,
BT-TR-1030,PINE CREEK,9/23/2019,43.7468,-118.640909,,Targeted,143.6,29.7,91.3,7.32,9.5,17.87,,44.8,49.2,,,,
BT-TR-1103,MUDDY CREEK,6/28/2019,43.887304,-118.682986,,Targeted,173.5,95.3,167.7,8.11,15.7,16.37,,34.7,37.4,,,,
BT-TR-1107,CLAW CREEK,7/12/2019,43.758606,-119.550577,,Targeted,147.1,18.2,118.3,8.3,25.4,14.94,,35,40,,,,
BT-TR-1110,MALHEUR RIVER,8/9/2019,43.973522,-118.531691,,Targeted,87.8,40,77,8.33,16,16.87,,0,0.8,,,,
BT-TR-1114,MILL CREEK,9/6/2019,43.714203,-118.851331,,Targeted,173.2,77.8,242,7.59,19.19,,,19,21.5,,,,
BT-TR-1138,HAY CREEK,6/29/2019,43.862495,-119.188903,,Targeted,157.7,39.1,212,8.03,12.6,13.37,,20.2,24.5,,,,
BT-TR-1170,ROUGH CREEK,9/6/2019,43.698884,-119.664306,,Targeted,197.7,32.3,92.6,7.41,17.7,14.57,,70.5,72.4,,,,
BT-TR-1222,BULGER CREEK,8/8/2019,43.664003,-119.82844,,Targeted,251.5,56,111.8,6.3,15.1,13.96,,85.2,89,,,,
BT-TR-1233,SKULL CREEK,8/11/2019,43.788658,-119.245535,,Targeted,74.7,29.9,146.3,7.12,13.9,15.05,,15.9,27.7,,,,
BT-TR-1303,COFFEEPOT CREEK,10/21/2019,43.723958,-118.827611,,Targeted,79.3,18.8,117.1,8.22,6.3,,,28.6,34,,,,
BT-TR-1329,BLUEBUCKET CREEK,8/10/2019,43.961569,-118.522291,,Targeted,110.4,30.9,117.8,8.15,15.4,15.92,,0,0,,,,
BT-TR-1381,COUGAR CREEK,10/8/2019,43.996022,-118.481142,,Targeted,45.6,30.7,123.1,7.87,5.1,14.85,1.43,8.7,14.3,,,,
BT-TR-1382,CRICKET CREEK,10/8/2019,43.728611,-119.302419,,Targeted,124.4,103.8,88.8,8.12,10.1,14.93,,26.5,44,,,,
BT-TR-1414,GRIFFIN CREEK,6/30/2019,43.902571,-118.521093,,Targeted,145.3,40.3,223.6,8.16,16.3,17.9,,40.5,42.3,,,,
BT-TR-1464,LITTLE MUDDY CREEK,9/24/2019,43.817969,-118.65369,,Targeted,71.3,46.4,80.8,6.95,10.3,15.42,,29.1,33.2,,,,
LK-LS-1001,MINER APOS;S CREEK,7/16/2019,42.222524,-122.118283,,RandomGRTS,40.8,6.4,113.2,7.91,11.3,11.1,,10,15.3,,,,
LK-LS-1002,ANTELOPE CREEK,7/13/2019,42.023363,-121.086634,,RandomGRTS,173.8,12.9,228.9,8.08,21.2,17.79,,30.5,32.9,,,,
LK-LS-1003,EAST BRANCH LOST RIVER,7/12/2019,42.0044,-121.126239,,RandomGRTS,471.7,34.2,86,7.81,21.5,18.79,,25.2,25.2,,,,
LK-LS-1024,,7/29/2019,42.00878,-122.161597,,RandomGRTS,45.4,163.3,463,8.24,14.4,18.02,,18.3,30,,,,
LK-LS-1041,Long Branch Creek,6/27/2019,42.186438,-121.013723,,RandomGRTS,388.9,14.8,,8.07,16.2,18.61,,59.5,61.9,,,,
LK-RV-1026,BARNES VALLEY CREEK,6/28/2019,42.174043,-121.026842,,RandomGRTS,638.7,24.2,,7.39,15.7,17.86,,10.4,11.7,,,,
LK-SS-1017,,7/25/2019,42.22282,-122.12253,,RandomGRTS,145.8,50.3,65.7,7.73,9.2,11.1,,96.7,98,,,,
LK-SS-1021,,6/30/2019,42.164954,-121.174653,,RandomGRTS,96.6,5.7,,7.74,13.9,16.05,,60.8,67.7,,,,
LK-SS-1027,JOHNSON CREEK,8/8/2019,42.243303,-122.236921,,RandomGRTS,122.6,5.5,78.8,7.52,14.4,10.6,,11.8,12.4,,,,
LK-SS-1031,,8/10/2019,42.242385,-122.227001,,RandomGRTS,137.4,4.2,88.1,7.65,10.9,,,42,50.5,,,,
LK-SS-1060,ONION SPRINGS,8/7/2019,42.183278,-122.175344,,RandomGRTS,94.7,4.8,54.5,7.17,12.4,,,85.4,90.4,,,,
LK-TR-1049,BEN HALL CREEK,6/26/2019,42.228947,-121.153798,,Targeted,666.2,53.3,,6.77,17.34,17.81,,84.5,87.7,,,,
LK-TR-1118,SPENCER CREEK,7/14/2019,42.245071,-122.120177,,Targeted,100.6,11.1,125.6,8.36,14.3,12.48,,5.7,7.4,,,,
LK-TR-1136,SPENCER CREEK,7/15/2019,42.226476,-122.100634,,Targeted,145.6,14.4,125.2,8.35,17.4,15.12,,6.2,7.6,,,,
LK-TR-1183,PITCHLOG CREEK,6/21/2019,42.161344,-121.009068,,Targeted,441.9,19.4,,7.12,19.5,16.69,,79.1,80.2,,,,
LK-TR-1198,LONG PRAIRIE CREEK,10/4/2019,42.028677,-122.260812,,Targeted,119.8,10.3,239.2,7.3,7.8,15.66,,88.6,91.4,,,,
LK-TR-1426,COLD CREEK,10/3/2019,42.21037,-122.225185,,Targeted,28.2,6.8,94.9,8.19,6.6,10.58,,24.3,25.7,,,,
LL-RV-1024,CHEWAUCAN RIVER,9/7/2019,42.66518,-120.59921,,RandomGRTS,267.5,58.6,79.9,9.17,19.4,12.04,,2.4,2.9,,,,
MR-RV-1160,NORTH FORK MALHEUR RIVER,9/9/2019,44.055386,-118.287094,,RandomGRTS,43.7,39.6,92.3,7.78,12.2,16.79,1.97,5.2,6.7,,,,
VM-TR-1338,REDS CREEK,9/24/2019,44.132075,-117.726623,,Targeted,133.6,46.8,355.4,8.25,16.8,15.32,0.67,41.4,42.9,,,,
IN-LS-009,Willow Creek,8/19/2016,44.652562,-121.187024,,RandomGRTS,230.5,91.2,133.8,7.62,17.6,15.99,,31.7,33.9,,,,
IN-SS-064,ANTELOPE CREEK NR JUNIPER CANYON RD,6/10/2017,44.163533,-120.72158,,RandomGRTS,1107.9,143.9,713,8.73,13.9,13.99,,75.2,81,,,,
MN-RO-1082,CROOKED RIVER (STEARNS DAM),9/27/2017,44.204235,-120.874814,,RandomGRTS,,,149.3,8.05,10.9,13.67,,10.5,14.9,,,,
PR-LS-10191,White River,7/23/2016,45.138866,-121.409029,,RandomGRTS,10.7,35.7,78.5,7.65,12.5,13.13,,19.8,21.8,,,,
PR-LS-10319,Hay Creek,8/8/2016,45.493447,-120.33189,,RandomGRTS,90.2,87.1,319.4,7.91,20.1,17.76,,73.4,76.8,,,,
PR-LS-10447,Unamed,8/22/2016,45.148846,-120.760843,,RandomGRTS,115.2,16.2,316,8.21,21.7,17.48,,2.1,2.1,,,,
PR-LS-10495,Bridge Creek,7/12/2016,44.695537,-120.284632,,RandomGRTS,193.3,44.5,459,8.28,20.4,19.38,,25.7,27.4,,,,
PR-LS-10719,Bridge Creek,7/13/2016,44.641859,-120.239765,,RandomGRTS,143.1,30.5,387.7,8.26,18.8,19.05,,50.7,50.7,,,,
PR-LS-11167,Deer Creek,6/22/2016,44.197407,-119.480691,,RandomGRTS,52.9,24.6,462,8.4,9.6,13.45,,32.3,35.4,,,,
PR-LS-11215,White River,7/22/2016,45.145912,-121.339889,,RandomGRTS,9.7,22.3,78.8,7.69,15,14.39,,14.4,14.9,,,,
PR-LS-12319,Cresent Creek,7/28/2016,43.522981,-121.654839,,RandomGRTS,170.3,45.1,51.2,7.05,19.5,16.97,,54.9,59.5,,,,
PR-LS-13679,South Fork John Day River,7/14/2017,44.136581,-119.493946,,RandomGRTS,228,36.7,577,8.57,22.3,17.23,,11.9,13.6,,,,
PR-LS-13759,STONY CREEK,7/6/2017,45.011324,-119.162609,,RandomGRTS,161.8,29.8,87,7.17,15.5,15.36,,0,0,,,,
PR-LS-13791,BEAR CREEK,7/16/2017,44.646889,-120.3105186,,RandomGRTS,322.5,57.4,289.5,8.56,13.7,17.06,,23.3,30.5,,,,
PR-LS-14091,BEAR CREEK,6/28/2017,43.975119,-120.688976,,RandomGRTS,451.9,87.6,586,8.69,20.7,16.06,,45.9,52.4,,,,
PR-LS-15727,CAMP CREEK,8/25/2017,44.006046,-120.150899,,RandomGRTS,741.5,285.8,827,8.18,14.3,17.19,,87.5,91.3,,,,
PR-LS-15807,MATLOCK CREEK,8/2/2017,45.038785,-119.15655,,RandomGRTS,264,31.4,66.8,7.87,13,13.08,,0.9,1.8,,,,
PR-LS-16031,South Fork John Day River,8/26/2017,44.31728,-119.554695,,RandomGRTS,256,27.5,316.8,8.47,15.2,18.58,,5.3,13,,,,
PR-LS-16303,INDIAN CREEK,8/27/2017,44.369009,-118.738823,,RandomGRTS,108.3,30.6,205.7,8.68,14.9,11.59,,5.5,10,,,,
PR-LS-16415,LITTLE DESCHUTES RIVER,8/24/2017,43.685059,-121.508585,,RandomGRTS,323.9,77.3,36.4,7.51,17.9,18.28,,64.2,84.9,,,,
PR-RV-10063,John Day River,8/7/2016,45.39553,-120.518631,,RandomGRTS,320.4,12.8,259.8,8.42,21.4,21.33,,1.9,2.4,,,,
PR-RV-10175,North Fork John Day River,6/13/2016,44.971798,-119.280774,,RandomGRTS,63.7,0,73.1,7.75,14.5,20.25,,0,0,,,,
PR-RV-10239,John Day River,8/31/2016,44.813058,-120.377205,,RandomGRTS,253.2,20.3,341.5,8.25,23.9,22.23,,9.6,10.2,,,,
PR-RV-10575,Deschutes River,8/4/2016,45.385962,-120.884623,,RandomGRTS,288.6,69.2,122.7,8.45,18.5,18.8,,0,,,,,
PR-RV-10607,South Fork Crooked River,7/7/2016,43.945831,-120.050472,,RandomGRTS,415.9,58.2,550,8.53,22.1,17.6,,34.9,40.5,,,,
PR-RV-10751,John Day River,8/5/2016,45.216193,-120.528574,,RandomGRTS,309,16.7,264,8.92,26.4,21.7,,6.7,7.9,,,,
PR-RV-11039,Crooked River,7/5/2016,44.110014,-120.794596,,RandomGRTS,340.6,53.4,165.1,7.45,7.6,15.02,,6.5,7.8,,,,
PR-RV-11087,John Day River,7/24/2016,45.480964,-120.459238,,RandomGRTS,573.5,19.3,245.2,8.51,22.6,21.71,,1.4,1.4,,,,
PR-RV-12799,JOHN DAY RIVER,9/5/2017,45.128047,-120.464233,,RandomGRTS,416.8,41.9,290.4,8.98,23.8,22.01,,11.2,21.2,,,,
PR-RV-12991,JOHN DAY RIVER,9/7/2017,44.771693,-120.07012,,RandomGRTS,392.7,41.2,263.2,8.62,21.5,22.97,,17.6,24.5,,,,
PR-RV-13055,JOHN DAY RIVER,9/9/2017,45.643318,-120.490011,,RandomGRTS,759.9,25.3,262.1,9.01,23.4,21.81,,4.9,5.4,,,,
PR-RV-14159,JOHN DAY RIVER,9/19/2017,45.381072,-120.531405,,RandomGRTS,599.4,35.5,286,8.85,14.9,21.23,,6.8,8.3,,,,
PR-RV-14271,NORTH FORK JOHN DAY RIVER ,7/31/2017,44.947564,-119.292565,,RandomGRTS,190.6,13.9,101.4,8.99,28.2,20.87,,0.5,0.5,,,,
PR-RV-14335,JOHN DAY RIVER,9/22/2017,44.79692,-120.392736,,RandomGRTS,229.1,21.9,302.5,9.01,14,22.2,,,,,,,
PR-RV-14415,JOHN DAY RIVER,9/29/2017,45.530453,-120.362893,,RandomGRTS,349.2,48.4,266.9,8.83,18.1,21.79,,8.2,10,,,,
PR-RV-14847,JOHN DAY ,9/23/2017,45.221453,-120.544465,,RandomGRTS,335.4,31.7,289.6,8.86,14.6,21.51,,,,,,,
PR-SS-10015,Sanford Creek,7/20/2016,44.126113,-120.647688,,RandomGRTS,117,14.6,412.9,8.39,22.4,14.55,,11.1,14.9,,,,
PR-SS-10143,West Birch Creek,8/24/2016,44.432481,-119.753374,,RandomGRTS,37.9,28.5,210.3,7.5,11,11.06,,21.3,28.1,,,,
PR-SS-10287,Unamed,6/27/2016,44.630061,-119.76456,,RandomGRTS,241.9,126.4,202.5,7.17,11,13.11,,41.8,47.8,,,,
PR-SS-10463,Unamed,7/21/2016,44.021203,-120.174901,,RandomGRTS,214,59,146.8,7.78,10.5,14.5,,3,4.5,,,,
PR-SS-10687,Jericho Creek,6/15/2016,45.026026,-119.065841,,RandomGRTS,148,31.8,118.1,7.69,9.6,14.37,,7.6,8.1,,,,
PR-SS-10975,Johnny Creek,6/29/2016,44.62319,-119.601334,,RandomGRTS,220.4,60.1,224.4,8.26,15,16.25,,18.9,24.8,,,,
PR-SS-11199,Graves Creek,7/25/2016,44.971753,-119.297048,,RandomGRTS,424.8,15.5,217.2,7,14.9,17.5,,10.1,12.2,,,,
PR-SS-11679,Kelley Creek,7/15/2017,44.460542,-119.604126,,RandomGRTS,743.8,255.1,,8.34,14,15.56,,91,92.9,,,,
PR-SS-11711,RUSH CREEK,7/7/2017,45.023824,-119.15334,,RandomGRTS,215.9,25,40.3,7.7,14.3,13.71,,1.9,2.4,,,,
PR-SS-11743,Mud Creek,7/27/2016,44.585795,-120.208377,,RandomGRTS,241.9,33.2,413.5,8.01,16,15.28,,73.3,77.2,,,,
PR-SS-11887,STRAIGHT CREEK,7/18/2017,44.675041,-119.469622,,RandomGRTS,288.4,36.6,78.9,7.27,9.7,12.99,,,,,,,
PR-SS-11903,BIRCH CREEK,7/9/2017,44.938489,-119.380859,,RandomGRTS,312.6,78.1,50.2,7.71,12.5,15.71,,47.8,60,,,,
PR-SS-12223,TRIB TO MALLORY CREEK,7/30/2017,44.994841,-119.296727,,RandomGRTS,157.1,42.3,232.8,7.02,14.5,15.62,,20.6,27.6,,,,
PR-SS-12255,LOOKOUT CREEK,7/29/2017,44.314781,-120.235878,,RandomGRTS,338.7,61,88.8,8.09,14,14.04,,75.6,76.2,,,,
PR-SS-12511,ROBA CREEK,7/28/2017,44.249447,-119.985025,,RandomGRTS,357.4,48.9,168.6,7.28,20.7,14.35,,18.2,19.1,,,,
PR-SS-12767,NELSON CREEK,8/26/2017,44.5544,-120.1759,,RandomGRTS,603.5,50.2,422.5,8.68,12.5,14.23,,24.7,32.4,,,,
PR-TR-010,Lower DMA,9/11/2016,44.0203,-120.013866,,Targeted,353.8,55.1,625,8.05,14.6,18.45,,,,,,,
PR-TR-011,Mid DMA SF Crooked,9/13/2016,43.99629776,-120.0317134,,Targeted,428.6,64.5,606,8.03,15.5,17.83,,,,,,,
PR-TR-012,Upper DMA SF Crooked,9/21/2016,43.968692,-120.044794,,Targeted,461.3,56.6,607,8.49,15.6,17.83,,,,,,,
PR-TR-013,MIM 204 DMA Paulina Creek,9/23/2016,44.253265,-120.036126,,Targeted,121.5,27.4,179.7,8.19,11.9,15.59,,2.9,11.9,,,,
PR-TR-014,MIM 203 DMA Paulina Creek,9/28/2016,44.234961,-120.012552,,Targeted,96,17,212.9,7.99,10,15.92,,3.9,10.8,,,,
PSF-LS-1004,LITTLE DESCHUTES RIVER,7/26/2018,43.52053,-121.656438,,RandomGRTS,176.4,25.6,39,6.81,19.3,16.97,,88.6,91,,,,
PSF-LS-1007,LITTLE DESCHUTES RIVER,7/27/2018,43.516404,-121.66278,,RandomGRTS,237.7,38,47.5,6.65,17.2,16.89,,83.3,89,,,,
PSF-RV-1001,LITTLE DESCHUTES RIVER,7/12/2018,43.779237,-121.47039,,RandomGRTS,270.3,39.9,35.4,6.59,23,16.93,,97.5,98,,,,
PSF-SS-1002,,9/19/2018,43.626599,-121.514854,,RandomGRTS,1647.8,304.3,57.2,6.3,18,12.71,,100,100,,,,
PSF-SS-1006,LITTLE DESCHUTES RIVER,8/10/2018,43.592798,-121.537142,,RandomGRTS,126.9,16,25.8,6.31,20.5,11.78,,93.8,98.6,,,,
PSF-SS-1009,,8/11/2018,43.582343,-121.556426,,RandomGRTS,165.7,16,26.1,6.39,18.1,11.72,,83.8,89,,,,
PWS-SR-1011,CROOKED RIVER,9/6/2018,44.47851,-121.302103,,RandomSystematic,546.7,85.3,194.5,7.4,14.2,14.18,,,,,,,
PWS-SR-1253,CROOKED RIVER,9/5/2018,44.431566,-121.238292,,RandomSystematic,892.1,86.4,321.8,7.84,15.6,15.79,,,,,,,
PWS-SR-21951,North Fork John Day River,8/27/2018,44.991977,-119.091223,,RandomSystematic,142.3,12.3,276.3,7.84,16,19.74,,1.4,2.9,,,,
PWS-SR-25567,NORTH FORK CROOKED RIVER,8/24/2018,44.183096,-120.156155,,RandomSystematic,1226.3,25.8,162.8,8.05,16.2,18.02,,3.8,3.8,,,,
PWS-SR-28751,WHITE RIVER,9/10/2018,45.224204,-121.187572,,RandomSystematic,117,35.2,88.6,6.37,12.8,15.52,,28.8,29.9,,,,
PWS-SR-29119,North Fork John Day River,8/28/2018,44.981326,-119.192952,,RandomSystematic,150,15.1,128.9,7.51,15.5,19.94,,1,1.9,,,,
PWS-SR-29663,NORTH FORK CROOKED RIVER,8/23/2018,44.136486,-120.224135,,RandomSystematic,160.1,11.7,185.6,7.61,15.8,19.37,,0,0,,,,
PWS-SR-44063,CROOKED RIVER,9/12/2018,44.130378,-120.822356,,RandomSystematic,280.5,71.9,227,7.01,10.2,14.27,,2.6,3.5,,,,
PWS-SR-52255,CROOKED RIVER,6/29/2018,44.161666,-120.831301,,RandomSystematic,254.3,28.6,201,7.77,8.9,13.24,,31.7,36.5,,,,
PWS-SR-53023,DESCHUTES RIVER,9/7/2018,44.41317,-121.29353,,RandomSystematic,274.1,71.1,103.9,7.59,14,15.6,,,,,,,
PWS-SR-62239,DESCHUTES RIVER,9/7/2018,44.361546,-121.259941,,RandomSystematic,205.2,54.2,64,6.6,15.3,18.83,,,,,,,
PWS-SR-62687,NORTH FORK CROOKED RIVER,8/14/2018,44.253064,-120.106383,,RandomSystematic,243.3,15.5,125.8,7.98,20.8,18.03,,8.8,9.4,,,,
PWS-SR-68991,North Fork John Day River,8/29/2018,44.905771,-119.374623,,RandomSystematic,228.7,15,148.1,8.22,21.6,22.06,,1.9,2.9,,,,
PWS-SR-76158,South Fork John Day River,7/17/2018,44.411463,-119.5422,,RandomSystematic,207.4,35.4,246,7.74,19.1,18.65,,18.8,24.8,,,,
MN-LS-1009,South Fork Catherine Creek,8/5/2014,45.103265,-117.619712,,RandomGRTS,64.1,11.1,41.3,7.75,12.5,,,15.9,22.6,,,,
MP-LS-2003,Yellow Creek,9/11/2014,43.511506,-123.436024,,RandomGRTS,213,39,115.8,6.63,12.2,,,10.2,10.7,,,,
MP-SS-2078,Rogers Creek,9/13/2015,44.885442,-123.63124,,RandomGRTS,63.2,14.6,42.2,6.47,13.6,,,4.7,6,,,,
MP-SS-2091,PARK CREEK,9/13/2014,43.247969,-123.897828,,RandomGRTS,447,63.3,67.5,7.01,12.6,,,19.8,19.8,,,,
PR-LS-15727,CAMP CREEK,9/22/2017,44.005967,-120.150857,,RandomGRTS,,,849,8.13,7.2,,,92.9,92.9,,,,
PR-LS-16031,South Fork John Day River,9/21/2017,44.317376,-119.554789,,RandomGRTS,,,247.9,8.13,10.1,,,5.5,11.8,,,,
PR-TR-1143,,9/22/2017,44.203972,-120.874767,,Targeted,,,167.1,8.74,10.8,,,19.5,20.5,,,,
SB-RV-20723,ROCK CREEK,9/27/2017,47.004469,-117.947936,,RandomGRTS,,,398.8,7.95,12.2,,,2.4,3.8,,,,
SW-LS-19727,DOUGLAS CREEK,9/25/2017,47.473543,-119.88153,,RandomGRTS,336,186.2,335.7,7.83,15.4,,,5.7,6.2,,,,
SW-SS-23311,CHEWILIKEN CREEK,9/26/2017,48.62112,-119.439866,,RandomGRTS,370.8,52.2,928,8.05,11.7,,,35.1,37.4,,,,
MN-SS-1114,Unamed,6/13/2016,48.042721,-118.092744,,RandomGRTS,149.9,20.8,283.5,8.06,8.2,10.38,,11.9,14.4,,,,
SB-LS-11507,Crab Creek,9/6/2016,47.290878,-118.319912,,RandomGRTS,1524.7,124.9,379.1,6.98,12.2,18.31,,19,19,,,,
SB-LS-12815,Wilson Creek,6/14/2016,47.692328,-118.84931,,RandomGRTS,4966,117.2,517,6.97,9.9,16.17,,54.5,54.5,,,,
SB-LS-14579,Crab Creek,9/5/2016,47.304145,-118.361796,,RandomGRTS,,,367.6,7.97,10.8,18.14,,,,,,,
SB-LS-19699,CRAB CREEK,7/24/2017,47.296242,-118.280675,,RandomGRTS,1965.3,54.4,366.4,8.76,22.6,18.07,,21.4,26.2,,,,
SB-LS-21007,WILSON CREEK,6/10/2017,47.712164,-118.831287,,RandomGRTS,2923.8,82.8,365.1,8.75,12,15.9,,38.7,39.1,,,,
SB-LS-22771,CRAB CREEK,7/4/2017,47.298559,-118.33692,,RandomGRTS,1491.5,67.1,368.4,8.87,21,18.34,,12.9,13.3,,,,
SB-LS-23795,CRAB CREEK,7/25/2017,47.299609,-118.210318,,RandomGRTS,2050.2,69,374.1,8.16,19.1,17.89,,42.4,42.9,,,,
SB-RV-10739,Rock Creek,9/4/2016,47.070605,-117.947656,,RandomGRTS,2006.5,207.7,288.2,9.56,15.9,20.03,,59.6,59.6,,,,
SB-RV-11763,Crab Creek,9/7/2016,47.347641,-118.767749,,RandomGRTS,1157.3,110.8,440.9,7.35,11.1,18.81,,17.4,18.3,,,,
SB-RV-17167,KETTLE RIVER,7/24/2017,48.926583,-118.566691,,RandomGRTS,68.5,0,218.7,8.2,20.3,13,,10,,,,,
SB-RV-19955,CRAB CREEK,7/3/2017,47.364866,-118.88149,,RandomGRTS,2613.4,135.8,446.2,8.64,20.7,18.88,,38.4,38.8,,,,
SB-RV-20723,ROCK CREEK,9/14/2017,47.004421,-117.948011,,RandomGRTS,2440.6,86.8,372,8.45,13.7,20.13,,0.5,0.5,,,,
SB-SS-13071,Shasket Creek,6/10/2016,48.970008,-118.563568,,RandomGRTS,2061,10.3,704,8.71,17.1,10.62,,74.5,77,,,,
SB-SS-14835,Packer Creek,9/3/2016,47.09853,-117.816656,,RandomGRTS,493.1,87.5,317.4,7.18,14.3,16.68,,,,,,,
SB-SS-14863,Linton Creek,6/12/2016,48.857867,-117.395607,,RandomGRTS,43.8,8.3,144.2,7.7,6.8,12.14,,12.6,20.9,,,,
SB-SS-16143,Unamed,9/8/2016,48.731349,-118.555685,,RandomGRTS,140.8,0,680,7.68,6.9,9.97,,60.9,63.8,,,,
SB-SS-24335,,6/27/2017,48.725131,-118.536038,,RandomGRTS,153.1,113.3,119.8,7.88,11.2,11.1,,7.3,8.2,,,,
SB-SS-25359,ALDER CREEK,6/12/2017,48.038294,-118.075125,,RandomGRTS,216.8,10.2,53.5,6.88,7,9.46,,17.1,20,,,,
SB-SS-26383,SOUTH FORK HUNTER CREEK,6/11/2017,48.113548,-118.071996,,RandomGRTS,139.5,29,232.4,8.46,11.2,13.89,,5.5,5.9,,,,
SB-SS-28431,UNNAMED,6/28/2017,48.628757,-118.740336,,RandomGRTS,354.7,211.7,194.6,8.27,10.2,10.72,,18.6,20.5,,,,
SP-TR-001,Unamed,9/10/2016,47.49926,-119.939171,,Targeted,346.9,128,196.2,7.42,11.1,17.1,,26.1,26.1,,,,
SW-LS-11007,Rock Creek,9/13/2016,45.867706,-120.537364,,RandomGRTS,301.9,46.2,116.3,7.08,14.2,16.77,,,,,,,
SW-LS-12559,Douglas Creek,6/8/2016,47.493664,-119.905301,,RandomGRTS,451.4,101.5,305.5,7.7,12.7,16.23,,10.2,10.2,,,,
SW-LS-15103,ROCK CREEK,9/7/2017,45.880212,-120.550378,,RandomGRTS,197.9,41.1,133.3,7.33,16,16.48,,0.5,0.5,,,,
SW-LS-19727,DOUGLAS CREEK,9/9/2017,47.473698,-119.881493,,RandomGRTS,2775.2,92.2,322,7.88,17.2,17.77,,8.1,8.6,,,,
SW-LS-20751,Cowiche Creek,6/13/2016,46.622288,-120.641829,,RandomGRTS,769.1,88.1,168.2,8.29,14.9,15.96,,6.5,6.5,,,,
SW-LS-23295,QUARTZ CREEK,7/23/2017,45.889177,-120.549198,,RandomGRTS,122.8,50.1,183.8,7.78,17.8,15.99,,0.5,0.5,,,,
SW-LS-23823,DOUGLAS CREEK,6/8/2017,47.478781,-119.889386,,RandomGRTS,880.2,111.3,310.8,7.76,15.3,17.8,,14.3,14.8,,,,
SW-RV-10511,YAKIMA RIVER,7/18/2017,46.769258,-120.450056,,RandomGRTS,182.6,6.7,78.3,8.1,14.9,17.31,,9,,,,,
SW-RV-10767,SIMILKAMEEN RIVER,7/22/2017,48.987638,-119.575305,,RandomGRTS,268,7.7,186.9,8,20.1,18.58,,1,,,,,
SW-RV-11023,SIMILKAMEEN RIVER,7/21/2017,48.950471,-119.478186,,RandomGRTS,79.1,25,185.2,8.11,19.3,19.49,,23.7,,,,,
SW-RV-11535,YAKIMA RIVER,7/19/2017,46.93178,-120.52291,,RandomGRTS,99.7,12.1,59.6,7.39,13.4,17.16,,0,,,,,
SW-RV-21775,KLICKITAT RIVER,7/26/2017,45.97582,-121.109242,,RandomGRTS,90.9,46.7,71.2,7.76,12.3,13.86,,0,,,,,
SW-RV-22031,SALMON CREEK,9/10/2017,48.509303,-119.730411,,RandomGRTS,254.9,35,160.9,8.13,18.1,15.49,,16.1,16.1,,,,
SW-RV-22799,YAKIMA RIVER,7/20/2017,46.88356,-120.484703,,RandomGRTS,47.9,6.8,75,7.29,12.4,17.14,,0,,,,,
SW-SS-12022,Duffy Creek,6/9/2016,47.490737,-119.990421,,RandomGRTS,149.9,67.3,164.5,6.42,7.6,13.45,,11.1,11.1,,,,
SW-SS-19190,Duffy Creek,6/12/2016,47.491604,-119.974474,,RandomGRTS,1439.5,100,151.2,6.84,10,13.96,,19.6,19.6,,,,
SW-SS-19199,Rock Creek,9/13/2016,45.885509,-120.562843,,RandomGRTS,56,19.6,199.5,6.81,12.4,16.65,,1.5,1.5,,,,
SW-SS-23311,CHEWILIKEN CREEK,9/11/2017,48.620915,-119.439666,,RandomGRTS,742.7,15.5,922,8.16,18.1,15.16,,23.8,26.7,,,,
SW-SS-24847,WEST FORK WASHOUGAL RIVER,7/18/2017,45.71381,-122.223974,,RandomGRTS,16.7,1.8,10.8,5.88,15.3,12.58,,0,0,,,,
SW-SS-26111,ROCK CREEK,7/21/2017,45.900207,-120.584904,,RandomGRTS,44.4,29.1,130.4,7.4,16.5,16.15,,5.2,5.2,,,,
SW-SS-27382,DUFFY CREEK,7/1/2017,47.496664,-119.946066,,RandomGRTS,181.4,133,159.4,7.73,14.1,15.02,,2.4,2.4,,,,
SW-TR-1025,UNNAMED TRIBUTARY TO MCCARTNEY CREEK ,6/9/2017,47.698441,-119.612517,,Targeted,1176.4,175.2,395.2,8.11,18,14.99,,49.5,68.1,,,,
SW-TR-1299,SINLAHEKIN CREEK,9/12/2017,48.689318,-119.733344,,Targeted,452,18,259.5,8.19,12.1,14.66,,1.4,2.3,,,,
MN-LS-1002,CLOVER CREEK,9/23/2013,44.111,-117.8429,,RandomGRTS,311.9,138.3,385.4,8.83,10.9,16.54,,75.2,,,,,
MN-LS-1002,CLOVER CREEK,8/26/2019,44.111123,-117.843147,,RandomGRTS,151.5,58,401.2,8.79,20.8,16.54,,32.7,46.4,,,,
MN-LS-1009,South Fork Catherine Creek,7/11/2014,45.103407,-117.620113,,RandomGRTS,149,16.2,41.58,6.7,11.3,12.34,,19.7,20.1,,,,
MN-LS-1013,SOUTH FORK JOHN DAY RIVER,7/2/2013,44.1431,-119.4997,,RandomGRTS,162.1,5,554,9.8,21,17,,44.8,,,,,
MN-LS-1013,SOUTH FORK JOHN DAY RIVER,9/19/2019,44.14326,-119.499721,,RandomGRTS,139.5,7.3,680,8.42,11.3,17,,15.7,15.7,,,,
MN-LS-1018,Bendire Creek,7/6/2015,44.001777,-118.086595,,RandomGRTS,542.9,125.4,147.7,4.65,20.8,16.88,,,,,,,
MN-LS-1021,Dixie Creek,7/17/2013,44.4412,-117.4182,,RandomGRTS,220.4,144.8,530.9,8.25,18.6,16.06,,54.3,,,,,
MN-LS-1057,SOUTH FORK JOHN DAY RIVER,9/20/2019,44.25703,-119.538682,,RandomGRTS,104.3,4.9,566,8.59,11.4,17.69,,21,22.4,,,,
MN-RM-1071,John Day River,6/20/2015,44.80579,-119.966611,,RandomGRTS,201.4,25,187.6,8.07,23.2,23.49,,12.2,,,,,
MN-RM-1072,John Day River,6/19/2015,44.755656,-120.215769,,RandomGRTS,192.4,22.4,193.3,8.26,22.4,22.75,,0,,,,,
MN-RM-1073,Grande Ronde River,7/24/2014,46.036191,-117.213821,,RandomGRTS,97.5,15.3,,,,20.58,,0,,,,,
MN-RM-1077,JOHN DAY RIVER,9/8/2020,44.84675,-120.411453,,RandomGRTS,285,22.4,188.4,7.69,20.5,22.06,,,,,,,
MN-RO-1081,Powder River,9/27/2015,44.950098,-117.714024,,RandomGRTS,601.7,147.9,454.4,8.5,10.1,17.39,,2.9,2.9,,,,
MN-RO-1081,POWDER RIVER,9/9/2020,44.950247,-117.714058,,RandomGRTS,782,255.6,254.3,8.54,15.2,17.39,,7.6,10,,,,
MN-RO-1082,CROOKED RIVER,7/3/2013,44.2024,-120.8761,,RandomGRTS,264.3,30.3,210.85,8.41,15.7,13.34,,,,,,,
MN-RO-1082,CROOKED RIVER,9/6/2020,44.202062,-120.876047,,RandomGRTS,356,60.6,189,7.76,12.2,13.67,,2.9,,,,,
MN-RO-1084,Powder River,9/24/2013,44.8106,-117.35,,RandomGRTS,487.9,107.2,545,8.72,14.5,17.37,,12.4,,,,,
MN-RO-1085,Silvies River,9/28/2015,43.732315,-119.189765,,RandomGRTS,119.7,43.2,145.8,8.31,14.7,19.06,,28,37.7,,,,
MN-SS-1110,CHALK CREEK,9/25/2013,44.7349,-117.1973,,RandomGRTS,193.6,57.2,48.4,8.38,11.4,16.64,,,,,,,
MN-SS-1110,CHALK CREEK,8/25/2019,44.734778,-117.197287,,RandomGRTS,148.1,50.8,369,8.03,16.9,16.64,,65.7,73.8,,,,
MN-SS-1114,,7/14/2014,48.042571,-118.092788,,RandomGRTS,281,56.1,281.9,8.15,12.5,10.38,,19.6,19.6,,,,
MN-SS-1114,Unknown,8/22/2019,48.042296,-118.092535,,RandomGRTS,82,20.7,328.1,8.43,11.6,10.38,,13.8,15.7,,,,
MN-SS-1134,,7/12/2014,44.991674,-119.290963,,RandomGRTS,71.7,10.2,87.4,6.41,19.4,15.75,,8,8,,,,
MN-SS-1138,Hogback Creek,8/6/2014,44.530512,-117.306443,,RandomGRTS,558,102,,8.14,20.4,13.56,,86.1,88.7,,,,
MN-SS-1146,Dugout Creek,7/7/2015,44.173214,-119.472601,,RandomGRTS,569.4,104,615,8.29,12.8,12.26,,97,97,,,,
MP-LS-2002,North Fork Coquille River,8/10/2014,43.263973,-124.023681,,RandomGRTS,172,10.7,55.4,6.42,17,16.3,,18.8,18.8,,,,
MP-LS-2002,NORTH FORK COQUILLE RIVER,7/27/2019,43.264019,-124.023492,,RandomGRTS,181.8,10.8,55.4,7.54,19.1,16.3,,17.9,21.4,,,,
MP-LS-2003,Yellow Creek,8/15/2014,43.51095,-123.436141,,RandomGRTS,76.5,39.1,103.7,7.9,18.5,16.25,,5.7,6.2,,,,
MP-LS-2003,YELLOW CREEK,8/9/2019,43.51089,-123.435743,,RandomGRTS,101.5,36.8,97.7,8.21,16.4,16.25,,13.3,14.4,,,,
MP-LS-2005,Molalla River,6/21/2015,45.016125,-122.482535,,RandomGRTS,100.8,11,47.2,6.64,15.3,17.5,,0,,,,,
MP-LS-2005,MOLALLA RIVER,9/7/2020,45.016127,-122.482426,,RandomGRTS,166,12.5,54.8,6.56,16,17.5,,0,,,,,
MP-LS-2006,South Fork Little Butte Creek,9/1/2013,42.3588,-122.486,,RandomGRTS,121.3,57.4,150.7,8.24,16.9,16.37,,10.2,,,,,
MP-LS-2007,NORTHEAST FORK ROCK CREEK,7/5/2013,43.4545,-122.8871,,RandomGRTS,37.3,2.1,42.66,7.67,16.7,14.77,,2.9,,,,,
MP-LS-2009,Salmon River,9/4/2014,45.355452,-122.001815,,RandomGRTS,29.4,5.8,62.9,7.42,13.5,13.86,,1.9,1.9,,,,
MP-LS-2009,SALMON RIVER,8/25/2019,45.355378,-122.001626,,RandomGRTS,20.2,5,70.3,7.94,13.1,13.86,,7.4,8.3,,,,
MP-LS-2010,Cow Creek,6/23/2014,42.79067,-123.58607,,RandomGRTS,1010,108,118.1,7.77,16.9,18.11,,7.4,9.9,,,,
MP-LS-2011,Keene Creek,8/30/2013,42.1014,-122.4036,,RandomGRTS,208,46.6,140,8.1,13.6,13.53,,25.2,,,,,
MP-LS-2013,Nestucca River,7/15/2013,45.2601,-123.664,,RandomGRTS,325.4,10.5,89.17,7.73,13.1,15.64,,24.5,,,,,
MP-LS-2017,Tioga Creek,8/13/2014,43.272013,-123.807276,,RandomGRTS,124,10.1,54.2,6.4,17.8,17.32,,9,10,,,,
MP-RM-2052,Rogue River,6/26/2015,42.64047,-123.58556,,RandomGRTS,245.3,62.9,86.6,8.03,22.4,20.32,,3.3,,,,,
MP-RM-2052,ROGUE RIVER,7/30/2020,42.640406,-123.585598,,RandomGRTS,271,91.6,79.8,,22.9,20.32,,0,,,,,
MP-RO-2057,North Santiam River,6/23/2015,44.780006,-122.813527,,RandomGRTS,58.1,13,43.8,6.54,15.8,16.25,,0,,,,,
MP-RO-2061,Siuslaw River,7/11/2013,43.9743,-123.6529,,RandomGRTS,163.8,7.6,58.62,7.45,19.8,19.66,,31.7,,,,,
MP-SS-2070,LOG CREEK,7/7/2013,44.2625,-122.7991,,RandomGRTS,138.9,15,37.57,7.8,13.2,15.08,,35.9,,,,,
MP-SS-2070,LOG CREEK,8/11/2019,44.262591,-122.799142,,RandomGRTS,114.4,17.7,29.9,7.34,14.5,15.08,,28.8,32.7,,,,
MP-SS-2071,BAR CREEK,7/26/2019,43.070766,-123.672361,,RandomGRTS,107.7,11.7,79.3,7.93,13.5,14.49,,23.3,26.7,,,,
MP-SS-2074,Eames Creek,7/5/2015,43.975581,-123.441842,,RandomGRTS,109.8,32.4,2.9,6.7,14.7,14.51,,64.8,68.9,,,,
MP-SS-2075,Hancock Creek,7/4/2015,43.633675,-123.523804,,RandomGRTS,464.7,66.5,80.78,6.93,16,16.27,,21.5,26,,,,
MP-SS-2078,Rogers Creek,9/12/2015,44.885368,-123.631233,,RandomGRTS,26.5,2.1,44.3,6.22,11,8.88,,0,0,,,,
MP-SS-2079,,6/18/2015,42.737113,-122.789804,,RandomGRTS,54.5,28.2,225.3,8.11,12.6,14.98,,6.5,9.3,,,,
MP-SS-2080,North Fork Silver Creek,6/25/2014,42.541093,-123.725839,,RandomGRTS,25.1,5,64.7,7.58,10.5,13.06,,1.9,2.9,,,,
MP-SS-2082,Coak Creek,8/26/2015,43.218477,-124.030749,,RandomGRTS,48.6,17.4,87.4,6.44,12.9,15.22,,45.6,64.1,,,,
MP-SS-2083,UNNAMED,8/31/2013,42.4261,-122.5053,,RandomGRTS,87.8,35.2,99.8,8.28,14.8,12.52,,35,,,,,
MP-SS-2086,Cedar Creek,7/7/2015,44.019312,-122.849333,,RandomGRTS,,,97.9,7.01,15.7,15.47,,70.9,74.6,,,,
MP-SS-2087,,9/1/2015,43.669004,-123.843381,,RandomGRTS,955.5,45.2,58.9,6.25,13.6,14.59,,5.7,7.5,,,,
MP-SS-2088,Days Creek,6/21/2015,43.056769,-122.998498,,RandomGRTS,42.9,35.9,91,8.04,14.8,14.62,,11.1,15.2,,,,
MP-SS-2090,,9/10/2015,45.815328,-123.028147,,RandomGRTS,315.3,73.6,113.1,6.82,13.1,13.38,,25.6,29.6,,,,
MP-SS-2091,Middle Creek,8/14/2014,43.247724,-123.898177,,RandomGRTS,252,14.2,59,6.3,16,14.95,,14.5,15.5,,,,
MP-SS-2091,PARK CREEK,7/29/2019,43.248029,-123.898032,,RandomGRTS,206.3,14.2,55.7,7.44,15.9,14.95,,18.9,21.1,,,,
MP-SS-2094,SLICK CREEK,7/13/2013,44.7642,-123.5655,,RandomGRTS,304,4.7,59.83,7.56,12.9,12.59,,,,,,,
MP-SS-2094,SLICK CREEK,8/12/2019,44.764123,-123.565547,,RandomGRTS,378.8,11.7,31.2,7.71,13.6,12.59,,4.2,9.4,,,,
MP-SS-2095,Stouts Creek,6/20/2015,42.892714,-123.059954,,RandomGRTS,293.1,57.5,250.9,7.74,15.2,16.31,,40,55.2,,,,
MP-SS-2097,Wonder Creek,7/31/2015,44.799078,-122.437596,,RandomGRTS,320.8,38.9,73.6,7.05,17.3,13.86,,6.3,7.8,,,,
MP-SS-2097,WONDER CREEK,9/23/2019,44.79854,-122.437541,,RandomGRTS,945.3,22.6,63.7,7.6,12.4,13.86,,,,,,,
MP-SS-2098,Elk Valley Creek,7/2/2015,42.845874,-123.713756,,RandomGRTS,137.4,30.8,77.6,7.01,15.9,14.53,,7.1,13.8,,,,
MP-SS-2098,ELK VALLEY CREEK,10/3/2019,42.845825,-123.713615,,RandomGRTS,79.8,18.2,84.4,8.01,8.8,14.53,,2.9,9,,,,
MP-SS-2099,Walker Creek,9/17/2014,43.591762,-123.163457,,RandomGRTS,975,98.5,238.8,7.88,14.8,15.95,,16.6,16.6,,,,
MP-SS-2100,Hog Creek,8/30/2014,42.592742,-123.506698,,RandomGRTS,143,28.3,218.5,7.44,15.8,15.84,,3.2,5.1,,,,
MP-SS-2100,HOG CREEK,10/4/2019,42.592552,-123.506912,,RandomGRTS,23.3,17,186.4,8.04,10.4,15.84,,0,6.7,,,,
MP-SS-2102,North Fork Mill Creek,8/3/2015,44.830713,-122.656071,,RandomGRTS,239.3,11.4,28.8,5.93,17.2,14.05,,12.4,22.8,,,,
MP-SS-2103,Miner Creek,9/10/2015,43.451578,-123.661494,,RandomGRTS,146.6,40.3,95.3,6.4,13.5,14.89,,13.2,16,,,,
MP-SS-2106,,9/8/2015,45.2951,-123.536019,,RandomGRTS,160.2,44.1,88.4,6.74,12.2,12.04,,4.2,7.1,,,,
MP-SS-2107,Wallace Creek,9/14/2014,42.830682,-123.770832,,RandomGRTS,,,159.2,7.79,11.7,11.7,,4.7,5.7,,,,
MP-SS-2108,Rock Creek,8/23/2015,42.131844,-123.298883,,RandomGRTS,256.9,8.3,20,6.54,11.6,8.93,,0.4,2.2,,,,
MP-SS-2110,,9/10/2014,43.848949,-123.611402,,RandomGRTS,368,11.3,53.8,6.35,12.9,14.21,,9.1,11.8,,,,
MP-SS-2111,North Fork Big Butte Creek,6/19/2014,42.58951,-122.45088,,RandomGRTS,114,39.6,125.5,8.13,9.4,14.61,,24.5,25.5,,,,
MP-SS-2113,Yellowstone Creek,8/2/2015,44.576087,-122.439711,,RandomGRTS,103.3,10.2,37.5,6.45,15.1,14.43,,0.6,5.7,,,,
MP-SS-2114,Crawford Branch,9/14/2015,42.942076,-123.448027,,RandomGRTS,124.8,35.8,306.1,8.07,13.1,14.91,,4.6,6.4,,,,
MP-SS-2116,Grave Creek,6/21/2014,42.73307,-123.15072,,RandomGRTS,89,8.8,85.8,8.08,9.4,13.84,,1.4,5.2,,,,
MP-SS-2162,DOE CREEK,7/25/2019,42.923648,-123.504121,,RandomGRTS,147,30.5,274.7,8.45,14.1,15,,10.9,26.4,,,,
MP-SS-2168,,8/8/2019,42.303227,-123.473608,,RandomGRTS,62.5,7.6,213.9,8.06,14.8,15.75,,4.1,10,,,,
MP-SS-2169,BULL CREEK,6/14/2019,44.95951,-122.38924,,RandomGRTS,68,21.4,64.5,7.82,11.6,12.14,,4.7,8.4,,,,
XN-RM-4071,OWYHEE RIVER,7/29/2020,42.791532,-117.589305,,RandomGRTS,528,41.1,293.1,8.37,23.1,22.35,,28,,,,,
XN-SS-4095,,7/13/2014,47.110264,-117.804211,,RandomGRTS,4290,134,430,7.25,14,16.42,,68.3,68.3,,,,
XN-SS-4095,PACKER CREEK,7/14/2019,47.110214,-117.804215,,RandomGRTS,4115.6,84.1,526,7.83,12.4,16.42,,64.5,65.5,,,,
MN-LS-1061,Big Wall Creek,6/23/2021 21:12,44.92452746,-119.4290681,,RandomGRTS,144,39.9,262.2,8.03,22.5,16.23999977,,76.6,76.6,,,,
MP-LS-2006,South Fork Little Butte Creek,7/21/2021 17:03,42.35867827,-122.4863759,,RandomGRTS,,,165.2,7.28,13.9,16.37000084,,7.5,7.5,,,,
MP-LS-2010,Cow Creek,7/12/2021 19:59,42.79071769,-123.5859755,,RandomGRTS,114,12.3,118.8,8.05,22.7,18.11000061,,26.7,30,,,,
MP-LS-2042,Canton Creek,8/9/2021 16:18,43.44475226,-122.7625194,,RandomGRTS,53,6.1,51.7,7.64,15.2,16.67000008,,0,0,,,,
MP-SS-2075,Hancock Creek,7/15/2021 14:34,43.63402172,-123.5235331,,RandomGRTS,181,31.2,86.6,7.5,13.9,16.27000046,,31,34.8,,,,
MP-SS-2079,,7/11/2021 16:12,42.737113,-122.7898,,RandomGRTS,57,25.7,283.6,8.22,14.4,14.97999954,,11.2,14.8,,,,
MP-SS-2080,North Fork Silver Creek,7/22/2021 17:26,42.54112704,-123.7259051,,RandomGRTS,88,17.8,51.7,7.8,11.1,13.06000042,,2,3,,,,
MP-SS-2102,North Fork Mill Creek,7/20/2021 15:43,44.83064455,-122.6558174,,RandomGRTS,314,17.9,8.9,6.57,14.1,14.05000019,,19.8,22.6,,,,
MP-SS-2103,Miner Creek,7/14/2021 0:17,43.4506871,-123.6617443,,RandomGRTS,94,37.5,86,7.16,18.9,14.89000034,,25.2,29.5,,,,
MP-SS-2106,,7/21/2021 21:04,45.29502182,-123.5359575,,RandomGRTS,232,45.6,71.6,7.75,11.3,12.03999996,,13.7,17.3,,,,
MP-SS-2161,Tygh Creek,7/9/2021 13:25,45.29292191,-121.2826498,,RandomGRTS,75,44.5,73.7,7.9,12.5,14.31000042,,21.4,24.8,,,,
MP-SS-2163,East Gosage Creek,7/16/2021 14:05,43.8207672,-122.8240041,,RandomGRTS,157,77.3,37.2,7.25,11.8,13.53999996,,40.2,41.6,,,,
MN-RO-1084,Powder River,8/7/2021 16:18,44.81036798,-117.3516674,,RandomGRTS,862,302,550,8.44,21.3,17.37000084,,7.6,7.6,,,,
MP-RM-2053,Klamath River,8/11/2021 16:53,42.07576176,-122.0834369,,RandomGRTS,2011,230.3,127,8.01,18.9,16.89999962,,3,,,,,
MP-RM-2055,South Umpqua River,8/10/2021 16:28,42.93798936,-123.0139583,,RandomGRTS,169,12.3,143.5,8.29,21.4,21.26000023,,,,,,,
MP-RO-2057,North Santiam River,8/8/2021 18:43,44.77762624,-122.8200266,,RandomGRTS,143,24.1,37.8,7.81,15.1,16.25,,0,,,,,
BF-RV-1112,Wenaha River,10/11/2021 20:13,45.9429372,-117.4871987,,RandomGRTS,63,25.6,68.1,7.49,5.9,15.64000034,,,,,,,
BO-LS-1014,Deer Creek,7/10/2021 18:43,44.56995192,-117.6293469,,RandomGRTS,,,309.7,8.17,15.1,14.48999977,,13.3,22.4,,,,
BO-LS-1025,Basin Creek,7/11/2021 21:49,44.41080742,-117.5958668,,RandomGRTS,,,359,7.56,15,15.44999981,,23.3,33.3,,,,
BO-RV-1033,Powder River,7/23/2021 18:07,44.81717067,-117.3820455,,RandomGRTS,,,535,,21.5,17.40999985,,34.2,38.1,,,,
BO-SS-1046,,8/18/2021 20:00,44.58471918,-117.6487332,,RandomGRTS,367,113.4,185.5,7.55,14.1,12.69999981,,36.7,46.7,,,,
BRF-LS-1170,Grouse Creek,9/1/2021 19:59,45.98677385,-117.3989249,,RandomGRTS,,,234.8,7.53,15.5,16.44000053,,0.5,0.9,,,,
BR-SS-1151,,9/2/2021 19:27,45.65031893,-117.7420915,,RandomGRTS,172,10.5,209.9,8.98,15.1,17.60000038,,2.7,2.7,,,,
BSG-SS-1063,Spring Creek,7/8/2021 19:30,44.83766925,-117.4367106,,RandomGRTS,514,33.7,335.6,7.56,17.7,16.10000038,,33.8,45.3,,,,
BSG-SS-1082,,7/22/2021 19:05,44.8442405,-117.3856646,,RandomGRTS,,,262.2,6.04,26.5,0,,99.5,99.5,,,,
VB-TR-95767,Powell Creek,9/16/2021 18:17,44.45099852,-117.2823908,,Targeted,257,270.2,174.3,7.85,13,14.14000034,,99,99,,,,
VB-TR-96720,Durbin Creek,7/13/2021 17:03,44.34078249,-117.3171485,,Targeted,429,135.3,653,8.02,19,17.62999916,,69.6,77.5,,,,
BT-SS-1380,Curry Gordon Creek,8/5/2021 15:49,43.73366402,-119.0998227,,RandomGRTS,565,77.4,92.1,7.18,14.4,13.75,,77.1,90,,,,
LK-LS-1010,Barnes Valley Creek,7/8/2021 23:03,42.16583011,-121.0022146,,RandomGRTS,1118,38.2,280.5,8.17,19.5,17.62999916,,25.9,36.5,,,,
LK-TR-43782,Rock Creek,9/5/2021 16:36,42.016487,-120.965132,,Targeted,962,164.9,321.2,7.18,10.7,17.19000053,,63.3,65.8,,,,
LK-TR-51705,Long Branch Creek,6/28/2021 15:04,42.1775085,-121.0148538,,Targeted,238,29.3,224.3,7.34,16.6,18.60000038,,23.9,32.2,,,,
LK-TR-70571,Long Prairie Creek,7/12/2021 20:37,42.02583152,-122.2602038,,Targeted,1590,171,321.2,7.26,15.9,15.65999985,,77.3,83.6,,,,
LK-TR-85803,Barnes Valley Creek,6/26/2021 14:00,42.1729086,-121.0425759,,Targeted,561,20.9,256.7,8.19,20.9,17.75,,4.3,5.2,,,,
MO-RV-1031,Willow Creek,8/24/2021 19:21,44.34007926,-117.6058482,,RandomGRTS,1155,311.5,575,9.45,19,17.29000092,,51.9,54.8,,,,
MO-SS-1007,,7/25/2021 20:08,44.15858521,-118.1496192,,RandomGRTS,7650,205.8,220.4,7.34,26.7,14.43000031,,89,89.5,,,,
PC-TR-13561,Cougar Gulch,8/18/2021 20:58,44.22927381,-119.5290486,,Targeted,,,440.6,7.85,16.5,15.26000023,,15.1,19.5,,,,
PC-TR-15384,Muddy Creek,7/8/2021 23:00,44.85704201,-120.4432306,,Targeted,949,56.2,1007,7.43,19.2,18.02000046,,71.9,76.9,,,,
PC-TR-17961,North Fork John Day River,8/21/2021 14:27,44.8758732,-119.4021118,,Targeted,227,13.7,145.4,8.02,17.5,22.25,,6.2,6.7,,,,
PC-TR-20689,North Fork John Day River,8/22/2021 16:30,44.86500553,-119.4069088,,Targeted,105,26.1,145.9,7.84,18.7,22.19000053,,6.2,7.7,,,,
PC-TR-22339,North Fork John Day River,9/18/2021 14:53,44.89737534,-119.3830338,,Targeted,157,1,151.1,7.16,16,22.14999962,,7.2,8.1,,,,
PC-TR-24693,North Fork John Day River,9/3/2021 14:26,44.78053071,-119.6100961,,Targeted,,,215.6,7.65,17.2,22.40999985,,,,,,,
PC-TR-24794,North Fork John Day River,9/1/2021 23:19,44.7771512,-119.6244111,,Targeted,304,28,215.8,8.26,22.3,22.44000053,,6.7,9.5,,,,
PC-TR-25465,North Fork John Day River,9/16/2021 21:06,44.81354177,-119.4339638,,Targeted,214,17.8,158.9,7.33,17.8,22.17000008,,,,,,,
PC-TR-29287,Little Pine Creek,7/7/2021 20:00,44.37436318,-118.9118629,,Targeted,,,306.3,8.26,10.9,12,,15.7,24.8,,,,
PC-TR-32733,Johnson Creek,7/12/2021 14:34,44.68269962,-119.731936,,Targeted,225,73.2,227.7,7.49,14.2,14.22000027,,0,0.5,,,,
PC-TR-34898,Trib to Cottonwood Creek from S at RM 18 previously known as Sqaw Crk,10/15/2021 20:53,44.57458169,-119.4076133,,Targeted,,,205.6,6.12,4.9,13.77000046,,6.7,11,,,,
PC-TR-40442,Ditch Creek,7/24/2021 16:08,44.9498756,-119.3110142,,Targeted,103,31.9,180.1,6.15,14.3,17.80999947,,7.6,10.6,,,,
PC-TR-4134,Middle Fork John Day RIver,8/20/2021 15:16,44.88002,-119.136273,,Targeted,244,16.7,164.8,8.16,15.9,20.39999962,,9.1,9.1,,,,
PC-TR-41976,Huckleberry Creek,8/7/2021 16:07,44.77676991,-118.8876844,,Targeted,,,212.8,7.41,19.3,16.10000038,,26.4,27.9,,,,
PC-TR-44432,Middle Fork John Day River,7/25/2021 23:38,44.90802333,-119.2865064,,Targeted,300,14.2,158.1,8.79,29.8,20.19000053,,1,1,,,,
PC-TR-45069,Middle Fork John Day River,7/27/2021 14:38,44.91232963,-119.2931375,,Targeted,217,11.8,165.1,7.8,18.5,20.39999962,,4.1,4.5,,,,
PC-TR-46852,North Fork John Day River,9/21/2021 18:38,44.91128379,-119.3110084,,Targeted,,,140.6,7.63,15.1,21.70000076,,7.1,8.1,,,,
PC-TR-50738,North Fork John Day River,7/22/2021 14:32,44.92086225,-119.3525844,,Targeted,140,10.5,125.9,7.3,19.6,21.70999908,,2.9,2.9,,,,
PC-TR-56423,North Fork John Day River,9/20/2021 18:19,44.9193184,-119.3750649,,Targeted,138,1,145,7.64,14.5,21.71999931,,9.5,11.4,,,,
PC-TR-57288,Cottonwood Creek,7/25/2021 16:30,44.476974,-119.633126,,Targeted,167,45.5,236.5,7.95,15.7,17.63999939,,13.3,17.1,,,,
PR-LS-13679,South Fork John Day River,9/4/2021 16:28,44.13651394,-119.4940169,,Targeted,74,11.2,550,7.74,8.1,17.22999954,,40.8,43.6,,,,
PR-LS-16031,South Fork John Day River,9/5/2021 15:53,44.31782964,-119.5563468,,Targeted,232,48.1,241.4,7.89,12.7,18.57999992,,13.5,17.4,,,,
PWS-SR-21951,North Fork John Day River,8/9/2021 14:34,44.99242313,-119.0911691,,Targeted,,,119.4,8.19,16.8,19.73999977,,6.7,8.1,,,,
PWS-SR-29119,North Fork John Day River,8/10/2021 15:46,44.981274,-119.1930221,,Targeted,,,119.5,7.68,19.1,19.94000053,,1.8,5,,,,
PWS-SR-68991,North Fork John Day River,9/19/2021 14:51,44.90581024,-119.3746796,,Targeted,144,1,148.2,7.85,14.6,22.05999947,,9,9,,,,
PWS-SR-76158,South Fork John Day River,9/6/2021 17:45,44.41200374,-119.5430808,,Targeted,121,20.9,216.7,7.73,15.2,18.64999962,,15.8,16.2,,,,
PR-TR-010,South Fork Crooked River,5/11/2022 14:42,44.0203913,-120.0139615,,Targeted,697,93,741,6.74,17.5,18.45,,22.4,28.6,,,,
PR-TR-011,Mid DMA SF Crooked,5/13/2022 10:44,43.996327,-120.031648,,Targeted,706,105,748,7,14.8,17.83,,51.4,55.2,,,,
PR-TR-012,Upper DMA and MIM-164,5/15/2022 12:08,43.96903039,-120.0442379,,Targeted,602,94,750,8.78,11.2,17.83,,55.3,56.3,,,,
PC-TR-49161,John Day River,5/28/2022 15:06,45.3318198,-120.5318521,,Targeted,172,38,,,,21.32,,,,,,,
PC-TR-47910,John Day River,6/9/2022 9:38,45.04678813,-120.4902414,,Targeted,193,93,115.7,7.66,17.4,21.9,,,,,,,
MP-LS-2043,Gordon Creek,6/8/2022 15:07,45.50296466,-122.1663669,,RandomGRTS,36,10,12.6,5.5,9.1,11.33,,1.4,1.4,,,,
MP-SS-2082,Coak Creek,6/10/2022 15:24,43.218399,-124.030944,,RandomGRTS,141,18,57.9,5.71,12.1,15.22,,23,31.6,,,,
MP-SS-2167,Two by Four Creek,6/11/2022 11:42,42.852346,-124.107727,,RandomGRTS,136,24,93.7,6.64,13.3,15.38,,4.1,9.1,,,,
MP-SS-2088,Days Creek,6/12/2022 8:41,43.05691492,-122.9987519,,RandomGRTS,117,50,98.8,7.31,11.2,14.62,,6.8,8.2,,,,
MO-LS-1015,Reds Creek,6/23/2022 15:52,44.09832095,-117.7346538,,RandomGRTS,287,108,310.8,8.09,26.4,16.23,,29.5,48.6,,,,
BO-LS-1006,Shirttail Creek,6/26/2022 9:14,44.5147392,-117.4225954,,RandomGRTS,447,177,456,8.38,13.2,16.61,,69.5,80.5,,,,
PC-TR-56331,Thirtymile,6/24/2022 10:28,45.17031672,-120.3363492,,Targeted,280,111,264.5,8.56,13.9,18.31,,7.4,7.4,,,,
PR-LS-10495,Bridge Creek,6/25/2022 15:41,44.69557067,-120.2846404,,RandomGRTS,128,84,325.1,8.57,19.8,19.38,,64.1,64.5,,,,
PR-LS-10719,Bridge Creek,6/27/2022 10:23,44.6417064,-120.2396848,,RandomGRTS,138,51,309.1,8.63,16.9,19.05,,69.5,69.5,,,,
SW-LS-12559,Douglas Creek,6/23/2022 10:40,47.4936732,-119.9052871,,RandomGRTS,272,105,301.2,7.68,13.9,16.23,,61.9,62.3,,,,
SW-LS-23823,Douglas Creek,6/25/2022 15:49,47.478776,-119.889343,,RandomGRTS,1188,159,303.8,7.97,17.4,17.8,,51.7,56.1,,,,
SB-TR-84446,Coal Creek,6/27/2022 18:52,47.36368643,-118.465933,,Targeted,2606,292,285.2,7.78,15.8,17.71,,63.1,66,,,,
MP-SS-2086,Cedar Creek,6/21/2022 17:25,44.01928163,-122.8494516,,RandomGRTS,188,62,58.4,7.35,11.3,15.47,,53.2,66.3,,,,
MP-SS-2166,,6/22/2022 16:15,45.38219746,-123.4290771,,RandomGRTS,116,26,57.6,7.71,10.2,11.65,,3.8,5.2,,,,
MP-SS-2087,,6/24/2022 9:49,43.669149,-123.843291,,RandomGRTS,587,14,25.8,7.51,10.8,14.59,,11.7,14.8,,,,
MP-LS-2007,Northeast Fork Rock Creek,6/25/2022 9:35,43.45449499,-122.8872643,,RandomGRTS,18,10,41.4,7.57,10.7,14.77,,,,,,,
MP-SS-2170,Twelvemile Creek,6/26/2022 8:45,42.90901742,-123.7539211,,RandomGRTS,58,19,50.8,7.83,12.7,14.37,,14.6,21.7,,,,
BO-SS-1008,Quicksand Creek,6/28/2022 8:54,44.64173765,-117.1100054,,RandomGRTS,153,72,441.6,8.07,16.5,18.58,,75.9,83.6,,,,
SB-TR-10977,Wilson Creek (S),7/7/2022 14:03,47.5860994,-118.9772925,,Targeted,416,66,411.6,9.4,23.1,17.39,,76.4,80.8,,,,
SB-LS-12815,Wilson Creek,7/8/2022 12:46,47.69237613,-118.8493756,,RandomGRTS,2814,156,530,7.67,12.6,16.17,,64.3,66.2,,,,
MN-LS-1009,South Fork Catherine Creek,7/9/2022 10:56,45.1033721,-117.6195301,,RandomGRTS,38,15,54.1,7.73,10.4,12.34,,8.1,10.4,,,,
MN-SS-1134,,7/10/2022 8:56,44.99168122,-119.2909685,,RandomGRTS,93,12,94.6,7.91,11,15.75,,1.4,3.2,,,,
LL-SS-1017,Avery Creek,7/8/2022 9:54,42.57719158,-120.5081663,,RandomGRTS,1341,2248,405.3,8.18,15.6,14.26,,61.9,74.3,,,,
LK-SS-1015,,7/10/2022 11:35,42.24228377,-122.221379,,RandomGRTS,677,82,94.3,6.48,11.4,,,60.4,66.2,,,,
SB-RV-11763,Crab Creek,7/10/2022 12:33,47.34770358,-118.7677849,,RandomGRTS,1344,127,465,8.87,13.8,18.81,,42,44,,,,
VB-TR-12265,Bear Creek,7/16/2022 15:20,45.87779299,-117.6946176,,Targeted,,,51.4,8.19,17.2,13.89,,1.4,1.9,,,,
SB-LS-23795,Crab Creek,7/7/2022 16:27,47.29963,-118.210327,,RandomGRTS,1113,51,366,8.25,18,17.89,,89.5,89.5,,,,
SB-LS-19699,Crab Creek,7/7/2022 19:43,47.296297,-118.280624,,RandomGRTS,617,71,334.8,9.09,23.6,18.07,,52.2,53.6,,,,
SB-LS-11507,Crab Creek,7/21/2022 12:49,47.29081974,-118.3199735,,RandomGRTS,1363,95,337.9,7.83,10,18.31,,19.5,23.3,,,,
BT-TR-19468,Silver Creek,7/20/2022 17:15,43.75090815,-119.6264579,,Targeted,176,19,195.5,7.22,21.2,16.62,,18.6,30,,,,
SB-RV-20723,Rock Creek,7/22/2022 13:27,47.00448695,-117.94784,,RandomGRTS,1974,71,283.6,9.08,19.4,20.13,,6.8,9.7,,,,
SB-LS-25587,Hawk Creek,7/24/2022 10:28,47.67495939,-118.2731019,,RandomGRTS,325,55,418.6,8.2,19.6,15.25,,41.3,45.1,,,,
SB-SS-14863,Linton Creek,7/25/2022 12:17,48.85801506,-117.3954205,,RandomGRTS,37,18,119.6,7.99,8.7,12.14,,19.1,26.1,,,,
MP-SS-2108,Rock Creek,7/21/2022 11:03,42.13187818,-123.2987958,,RandomGRTS,113,21,19.5,6.81,8.4,8.93,,3.1,5,,,,
MP-SS-2084,McKnabe Creek,7/23/2022 10:38,42.6331904,-123.5424303,,RandomGRTS,45,25,213,7.99,14.4,17.02,,0.5,3.8,,,,
MP-SS-2107,Wallace Creek,7/24/2022 10:07,42.83102879,-123.7707816,,RandomGRTS,88,18,145.6,8.18,11.2,11.7,,9.1,20,,,,
PR-RV-11487,South Fork Crooked River,7/20/2022 15:13,44.07296843,-120.0439502,,RandomGRTS,429,144,511,8.34,23.1,19.23,,23.8,24.8,,,,
PR-RV-10607,South Fork Crooked River,7/22/2022 9:55,43.94583326,-120.0505362,,RandomGRTS,517,137,523,8.27,24,17.6,,50.2,53.1,,,,
PC-TR-33428,S.F. John Day ,7/23/2022 12:23,44.20238085,-119.530231,,Targeted,139,26,428.3,7.11,13.5,17.12,,16.5,17,,,,
PR-SS-10463,,7/25/2022 11:09,44.02112331,-120.1750234,,RandomGRTS,205,83,166.1,7.71,11.8,14.5,,44.8,47.1,,,,
PC-TR-26733,John Day River,7/8/2022 8:34,45.19789791,-120.5105404,,Targeted,161,31,185.1,7.35,24.5,21.96,,9.4,9.4,,,,
PC-TR-67314,John Day River,7/10/2022 9:01,45.20441936,-120.5243719,,Targeted,162,26,188,7.03,26.1,21.75,,,,,,,
LK-SS-1033,,7/23/2022 9:10,42.24501633,-122.1203414,,RandomGRTS,364,21,126.7,7.66,13.6,12.48,,1.7,3,,,,
LK-SS-1047,Johnson Creek,7/24/2022 17:03,42.23755004,-122.2432941,,RandomGRTS,199,32,63.1,6.88,9.8,10.21,,33.5,34.8,,,,
SB-LS-22771,Crab Creek,7/10/2022 9:20,47.298575,-118.336952,,RandomGRTS,952,47,350.9,8.61,13.2,18.34,,35.6,36.5,,,,
SB-RV-10739,Rock Creek,7/12/2022 14:10,47.07041785,-117.9477238,,RandomGRTS,2180,65,300.8,8.49,24.2,20.03,,26.4,27.3,,,,
SB-SS-24335,,7/21/2022 16:25,48.72524627,-118.5360816,,RandomGRTS,288,31,127.4,7.93,12.9,11.1,,17.1,18.3,,,,
SB-SS-30479,Alder Creek,7/24/2022 16:14,48.04674735,-118.0855548,,RandomGRTS,203,41,217.5,8.21,15.5,10.15,,23.3,28.6,,,,
SB-SS-14095,,7/25/2022 17:12,48.042864,-118.092507,,RandomGRTS,58,24,260,8.27,12.6,10.38,,35.3,38.6,,,,
SW-TR-33239,Gold Creek,8/5/2022 17:44,48.96523277,-118.9812953,,Targeted,135,15,324.1,8.23,8.8,7.93,,51.7,59,,,,
SW-TR-1299,Sinlahekin Creek,8/7/2022 9:35,48.68946208,-119.7333397,,Targeted,99,53,179,8.37,11.3,14.66,,5.3,7.2,,,,
SW-TR-20880,NF Salmon Creek,8/8/2022 9:45,48.57190585,-119.7531321,,Targeted,73,34,164.9,8.32,11.6,12.45,,28.6,33.7,,,,
PC-TR-19879,Smokey Creek,8/3/2022 14:53,44.39758424,-119.5026043,,Targeted,114,78,153.6,8.03,13.1,13.12,,61,62.9,,,,
PC-TR-17910,John Day River,8/7/2022 9:57,44.74837003,-120.2496877,,Targeted,220,34,219.7,8.43,24.7,22.65,,8.8,9.4,,,,
PC-TR-55417,,8/5/2022 15:17,44.600649,-119.707131,,Targeted,137,122,231.2,8.35,18.2,16.46,,10,10,,,,
BT-LS-1021,Devine Creek,8/9/2022 11:18,43.74419341,-119.0006564,,RandomGRTS,217,88,128,7.72,13.6,12.7,,23.8,29,,,,
SB-RV-21747,Rock Creek,8/4/2022 11:56,46.97763512,-117.927901,,RandomGRTS,1825,84,357.3,8.49,17.6,20.29,,30,31.4,,,,
SB-SS-26383,South Fork Hunter Creek,8/6/2022 10:11,48.11362038,-118.072106,,RandomGRTS,186,36,256.2,8.36,11.6,13.89,,31.1,31.1,,,,
SW-RV-10767,Similkameen River,8/9/2022 7:59,48.98740472,-119.5741183,,RandomGRTS,102,10,193.2,8.09,21,18.58,,,,,,,
SW-RV-21775,Klickitat River,8/10/2022 9:27,45.97571092,-121.1092767,,RandomGRTS,130,118,60.5,7.97,12,13.86,,,,,,,
MP-SS-2083,,8/6/2022 9:49,42.4261318,-122.5052676,,RandomGRTS,109,35,64.5,7.84,13.4,12.52,,27,43.6,,,,
LL-RV-1040,Chewaucan River,8/8/2022 11:32,42.67789,-120.58406,,RandomGRTS,359,222,104.8,,,17.59,,5.9,10,,,,
SB-SS-25359,Alder Creek,8/18/2022 14:51,48.03836256,-118.0754412,,RandomGRTS,38,32,49.4,8.02,10.8,9.46,,48.5,60.6,,,,
BO-SS-1009,,8/20/2022 9:25,44.83293529,-117.3615151,,RandomGRTS,316,179,245,7.7,18.5,14.56,,,,,,,
BSG-LS-1071,Sardine Creek,8/20/2022 17:40,44.70012239,-117.4724303,,RandomGRTS,654,77,363.1,7.28,18.2,16.81,,38.1,42.9,,,,
PR-RV-11087,John Day River,8/18/2022 7:28,45.48105394,-120.4594324,,Targeted,289,19,239.3,6.4,25.4,21.71,,4.8,4.8,,,,
PR-RV-13055,John Day River,8/20/2022 10:54,45.64333864,-120.4900406,,Targeted,437,19,245.1,8.89,23.1,21.81,,3.5,3.5,,,,
PR-RV-10063,John Day River,8/21/2022 11:48,45.39559008,-120.5185712,,RandomGRTS,289,16,248.4,8.83,24.7,21.33,,2.4,2.4,,,,
BO-SS-1054,,8/22/2022 17:05,44.54116363,-117.6475124,,RandomGRTS,202,119,477,8.71,15.4,13.96,,59.5,67.6,,,,
PR-LS-11167,Deer Creek,8/17/2022 17:03,44.19731929,-119.4809555,,RandomGRTS,218,35,376.2,7.68,17.1,13.45,,13.8,20.5,,,,
PR-SS-11183,,8/19/2022 10:05,44.55978342,-118.6760632,,RandomGRTS,126,33,199,7.63,12.3,10.21,,8.6,13.8,,,,
LK-LS-1029,Rock Creek,8/19/2022 10:18,42.01945719,-120.966152,,RandomGRTS,464,90,140.2,7.77,14.2,17.19,,47.6,50.5,,,,
SW-LS-19727,Douglas Creek,8/20/2022 11:06,47.47358185,-119.8815101,,RandomGRTS,2926,71,301,8.15,19,17.77,,30.8,32.8,,,,
SW-LS-15103,Rock Creek,8/22/2022 14:15,45.88029008,-120.5503292,,RandomGRTS,128,59,150.3,7.78,18.8,16.48,,,,,,,
SW-TR-1766,Methow River,8/18/2022 9:27,48.09582994,-120.0222851,,Targeted,159,14,158.8,7.77,19.2,17.28,,,,,,,
SW-TR-1025,"unnamed trib to McCartney Creek, allotment 00971",8/18/2022 17:58,47.69847163,-119.6125138,,Targeted,456,44,392,7.08,14.6,14.99,,98.6,99,,,,
SW-LS-11007,Rock Creek,8/22/2022 14:42,45.86771737,-120.5376205,,RandomGRTS,127,54,219.2,9.92,20.4,16.77,,8.1,9,,,,
MP-LS-2007,Northeast Fork Rock Creek,9/3/2022 9:00,43.4544848,-122.8869194,,RandomGRTS,191,29,51.4,7.2,15.6,14.77,,1.9,1.9,,,,
BF-RV-1104,South Fork Walla Walla River,9/2/2022 16:28,45.83255472,-118.1738805,,RandomGRTS,86,58,66.6,8.22,13,10.39,,1.6,2.1,,,,
BRF-RV-1162,Grande Ronde River,9/1/2022 10:57,45.8988875,-117.4737182,,RandomGRTS,303,16,168.6,9.05,22.2,20.23,,,,,,,
LK-LS-1035,East Branch Lost River,8/30/2022 18:38,42.00166984,-121.1195111,,RandomGRTS,1805,215,205.4,7.86,21.6,18.73,,7.1,7.1,,,,
LK-LS-1034,Antelope Creek,9/2/2022 9:20,42.03034617,-121.0897565,,RandomGRTS,296,58,1.9,8.27,19.9,17.11,,10.5,12.9,,,,
SW-SS-23311,Chewiliken Creek,9/1/2022 17:44,48.62098567,-119.4400289,,RandomGRTS,466,30,418.3,7.91,19.8,15.16,,71.4,71.4,,,,
SW-LS-25871,White Salmon River,9/6/2022 13:11,46.03143763,-121.5310836,,RandomGRTS,57,32,58.2,7.25,7.9,8.54,,,,,,,
PC-TR-76246,John Day River,8/31/2022 16:07,44.8109394,-119.9018255,,Targeted,171,16,224.9,8.39,23.2,23.26,,39.2,39.2,,,,
PC-TR-59147,John Day River,9/2/2022 12:01,44.80821757,-119.724918,,Targeted,193,23,208.6,8.62,22.8,22.73,,3.8,4.3,,,,
PR-RV-10175,North Fork John Day River,9/3/2022 8:55,44.97191874,-119.2810235,,RandomGRTS,444,10,58.2,7.9,19.3,20.25,,1.5,1.5,,,,
PR-SS-10687,Jericho Creek,9/3/2022 15:19,45.02735557,-119.0670274,,RandomGRTS,200,39,158.9,7.55,14.5,14.37,,12.7,12.7,,,,
PC-TR-30310,East Bologna Creek,9/5/2022 17:18,44.81666498,-119.6237433,,Targeted,114,49,344.8,8.32,17.4,14.79,,28.6,31.4,,,,
PC-TR-72237,West Bologna Creek,9/5/2022 11:32,44.804069,-119.649616,,Targeted,185,55,314.2,8.01,15,17.07,,41.7,41.7,,,,
PC-TR-52394,John Day River,9/1/2022 14:51,44.8184362,-119.89083,,Targeted,239,21,221.6,8.61,25.7,23.08,,25.6,26.1,,,,
SW-SS-24847,West Fork Washougal River,9/14/2022 13:12,45.71374704,-122.2243256,,RandomGRTS,48,10,11.4,5.94,13.7,12.58,,0,0,,,,
LK-LS-1045,Rock Creek,9/15/2022 12:32,42.01543272,-120.9647443,,RandomGRTS,866,99,180.7,6.69,15.1,17.19,,82.4,85.2,,,,
PC-TR-49785,John Day River,9/14/2022 13:56,44.76170809,-120.3789432,,Targeted,191,10,281.7,8.91,20.4,22.08,,18.5,19,,,,
PC-TR-80810,John Day River,9/15/2022 13:15,44.73742672,-120.1191844,,Targeted,162,14,238.6,8.85,19.7,22.94,,10,10,,,,
PC-TR-5930,John Day River,9/16/2022 11:48,44.76151931,-120.0906664,,Targeted,195,33,240.8,8.92,19.2,22.94,,,,,,,
PR-LS-12367,White River,9/19/2022 9:49,45.21365261,-121.2014686,,RandomGRTS,82,34,87.9,7.94,10.5,15.48,,34.6,34.6,,,,
PR-SS-10143,West Birch Creek,9/16/2022 12:07,44.4324862,-119.7533624,,RandomGRTS,193,61,168.7,7.04,9.9,11.06,,60,61.3,,,,
BF-LS-1122,South Fork Cable Creek,9/17/2022 15:00,45.07487995,-118.7586685,,RandomGRTS,89,50,54.8,6.95,12.8,14.08,,19.6,23.9,,,,
PR-RV-11631,South Fork Crooked River,9/18/2022 15:38,43.95727676,-120.057774,,RandomGRTS,502,48,445.1,7.98,12,17.76,,37.6,38.1,,,,
BT-SS-1048,Lake Creek,9/18/2022 14:37,43.75422073,-119.2047915,,RandomGRTS,483,80,118.5,7.72,10.9,13.41,,23.3,32.9,,,,
BT-LS-1028,Skull Creek,9/20/2022 12:17,43.79704173,-119.2173704,,RandomGRTS,213,54,273.4,8.19,11.6,15.55,,5.5,11.5,,,,
SW-RV-11023,Similkameen River,9/17/2022 9:59,48.94994292,-119.4782669,,RandomGRTS,128,25,173.9,8.22,16,19.49,,,,,,,
SW-SS-31478,Duffy Creek,9/18/2022 16:15,47.49439735,-119.9654967,,RandomGRTS,223,178,156.6,7.66,13,14.42,,30.7,30.7,,,,
SW-SS-19190,Duffy Creek,9/19/2022 16:47,47.49157044,-119.9743575,,RandomGRTS,646,159,121.9,7.42,13.7,13.96,,15.3,15.3,,,,
SW-RV-10511,Yakima River,9/15/2022 11:12,46.76800245,-120.4498559,,RandomGRTS,338,50,127.5,8.3,16.5,17.31,,,,,,,
SB-SS-33551,White Creek,9/17/2022 12:17,48.92025983,-118.5592545,,RandomGRTS,309,46,587,7.41,11,10.73,,100,100,,,,
SB-SS-21263,O-Ra-Pak-En Creek,9/20/2022 10:38,48.02175793,-118.1202676,,RandomGRTS,160,1,390.2,7.98,7.7,9.67,,79.4,79.4,,,,
PR-LS-10447,,9/28/2022 15:04,45.14884441,-120.7608137,,RandomGRTS,163,41,251.1,7.11,16.1,17.48,,49,49.5,,,,
SW-SS-32527,Gold Creek,9/29/2022 10:28,48.96068838,-118.9804697,,RandomGRTS,147,27,435.7,7.72,9.3,7.93,,53.3,55,,,,
PC-TR-73106,John Day River,9/29/2022 10:10,45.0372746,-120.4820807,,Targeted,204,15,288.4,8.6,18.2,21.94,,6.2,6.2,,,,
PR-SS-10975,Johnny Creek,10/1/2022 11:23,44.623428,-119.601583,,RandomGRTS,127,42,211,8.33,10.6,16.25,,15.2,16.2,,,,
BT-RV-1033,Silvies River,10/3/2022 11:34,43.86173981,-119.1670173,,RandomGRTS,187,20,229.5,8.29,10.9,18.02,,5.2,6.2,,,,
PR-LS-12943,Ward Creek,9/30/2022 11:15,44.85406113,-120.8956478,,RandomGRTS,189,46,174.8,7.85,12.8,16.47,,8.9,8.9,,,,
SW-SS-29430,,10/1/2022 13:11,47.44120584,-121.6921825,,RandomGRTS,322,38,39.2,7.5,12.1,12.63,,1.9,1.9,,,,
SW-LS-20214,Black Canyon Creek,10/3/2022 9:43,48.06468842,-120.0235786,,RandomGRTS,41,16,124.2,7.99,9.4,13.04,,25.5,26.8,,,,
SW-LS-20751,Cowiche Creek,10/4/2022 10:57,46.62250772,-120.6417099,,RandomGRTS,1104,115,308.6,8.27,12.2,15.96,,7.9,8.8,,,,
BT-SS-1432,,10/13/2022 9:36,43.88784419,-118.687691,,RandomGRTS,873,452,129.9,8.02,7.8,15.88,,10.5,12.9,,,,
PR-SS-11199,Graves Creek,10/16/2022 9:14,44.97175537,-119.2971601,,RandomGRTS,323,132,91.9,7.19,6.5,17.5,,21.9,22.9,,,,
PR-RV-10751,John Day River,10/13/2022 9:51,45.21630018,-120.5286028,,RandomGRTS,209,10,221.3,7.39,15.3,21.7,,2.6,2.6,,,,
PC-TR-38392,John Day River,9/29/2022 10:10,45.2086115,-120.5323733,,Targeted,232,50,376.2,7.68,17.1,21.75,,6.1,6.6,,,,
SW-SS-27382,Duffy Creek,6/24/2022 13:49,47.49667707,-119.9461229,,RandomGRTS,90,94,65.1,7.71,11.4,15.02,,21.2,22.1,,,,
PR-SS-10863,Big Canyon,8/17/2023 11:29,44.37814407,-119.2890339,,Targeted,90,6,176.6,7.93,11.3,10.39,,,,,,,
BF-LS-1131,Pine Creek,9/17/2023 13:09,44.8346818,-118.0704006,,RandomGRTS,198,10,113.3,7.34,8.3,10.94,,0,0,,,,
BT-SS-1404,Lake Creek,8/5/2023 9:46,43.751649,-119.210725,,RandomGRTS,377,90,26.8,7.33,12.6,12.92,,45.5,45.5,,,,
AO-LS-1164,East Fork Big Trout Creek TR 5.2,8/3/2023 14:31,42.03584869,-118.2549465,,RandomGRTS,714,21,48.4,7.25,10.7,,,5.2,17.1,,,,
MO-LS-1047,East Prong Dry Creek,6/22/2023 11:51,44.1358032,-117.6545883,,RandomGRTS,220,68,55.4,7.41,12.2,13.52,,2.9,12.9,,,,
PR-LS-13759,Stony Creek,9/14/2023 15:14,45.01139255,-119.1625907,,RandomGRTS,20,10,130.1,6.36,13,15.36,,0.5,0.5,,,,
MO-SS-1051,Godding Creek,6/23/2023 17:31,44.119432,-118.082109,,RandomGRTS,98,120,121.3,7.96,16.8,13.63,,51,51,,,,
VM-TR-53723,Pole Creek,7/6/2023 7:41,43.81486,-117.952786,,Targeted,330,163,239.2,8.11,13.7,14.19,,34.5,43.6,,,,
PR-SS-10159,Franks Creek,6/25/2023 10:18,44.59357283,-119.5187562,,RandomGRTS,149,159,141.1,6.6,9.8,13.67,,44.5,48.2,,,,
BSG-SS-1099,,9/16/2023 13:41,44.4730488,-117.4729416,,RandomGRTS,256,254,375.2,7.1,15,16.05,,98.6,98.6,,,,
VM-TR-23837,Birch Creek,7/21/2023 10:47,43.19629335,-117.4946096,,Targeted,112,53,377.3,8.16,18.9,18.18,,23.8,24.8,,,,
BT-LS-1037,Little Muddy Creek,9/4/2023 9:42,43.82022885,-118.661511,,Targeted,199,56,101.7,7.45,11.2,15.42,,4.3,6.7,,,,
PC-TR-69616,Frazier Creek,8/5/2023 10:33,44.25269905,-119.5738903,,Targeted,155,127,233.9,8.13,14,13.97,,10.5,16.2,,,,
VM-TR-52592,Cottonwood Creek,7/7/2023 12:00,44.09892,-117.595579,,Targeted,253,101,84.7,7.81,21.5,16.93,,8.3,10,,,,
MF-LS-1127,Mcdermitt Creek,8/5/2023 10:28,42.05673874,-118.1927136,,RandomGRTS,960,80,70.4,7.34,8.9,11.29,,13.3,25.2,,,,
BO-LS-1018,North Fork Dixie Creek,6/11/2023 14:23,44.47395199,-117.4947415,,RandomGRTS,341,76,211.9,8.23,12.4,17.29,,58.5,61.5,,,,
VM-TR-20120,Mahogany Creek ,7/10/2023 8:27,43.20036712,-117.2010004,,Targeted,451,67,49.2,7.36,12.3,17,,16.2,21.4,,,,
PC-TR-55417,Goose Creek,8/3/2023 12:59,44.6006168,-119.7071516,,Targeted,53,75,139.6,8.34,19,16.46,,0.5,0.5,,,,
PC-TR-7729,Goose Creek ,6/23/2023 10:15,44.596985,-119.663746,,Targeted,149,89,224.8,8.19,13.2,17.13,,0.5,0.5,,,,
MO-SS-1084,Cottonwood Creek,7/10/2023 11:09,42.0653437,-117.9111815,,RandomGRTS,13,38,9.5,6.6,8.9,14.74,,34.8,34.8,,,,
MO-SS-1114,Little Crowley Creek,8/8/2023 11:31,43.35892733,-117.9260334,,RandomGRTS,254,64,129.3,7.51,14.5,14.91,,23.3,31.4,,,,
MO-SS-1088,Cottonwood Creek,8/6/2023 14:24,42.16506031,-118.0097004,,RandomGRTS,316,37,82.5,6.72,11.9,12.4,,29.7,39.7,,,,
MO-LS-1054,Pole Creek,10/13/2023 10:47,43.81192723,-117.9519123,,RandomGRTS,72,320,264.3,8.09,9.6,18.14,,64.8,66.2,,,,
MO-SS-1093,Deer Creek,7/22/2023 10:10,42.306533,-117.628467,,RandomGRTS,150,62,96.7,7.95,16.6,14.61,,35.2,35.7,,,,
BO-LS-1010,Alder Creek,6/8/2023 19:08,44.6161308,-117.5074187,,RandomGRTS,787,348,358.4,8.21,15.2,17.35,,56.7,61.9,,,,
AO-LS-1153,Mccoy Creek,9/18/2023 11:51,42.88415613,-118.6263825,,RandomGRTS,12,10,93.2,7.92,13.7,13.62,,1.8,3.6,,,,
MO-LS-1050,Keeney Creek,10/14/2023 14:28,43.74255249,-117.6102593,,RandomGRTS,162,10,312,8.84,13.6,18.29,,4.3,4.3,,,,
BT-LS-1025,Rough Creek,8/3/2023 12:20,43.69638116,-119.6577884,,RandomGRTS,119,32,91.8,7.46,13.6,14.57,,28.6,28.6,,,,
VM-TR-20230,Slick Canyon Creek,7/9/2023 9:49,43.21282504,-117.1886645,,Targeted,243,40,27.8,7.02,15.4,15.72,,45.7,51.4,,,,
AO-LS-1123,Little Trout Creek,7/23/2023 10:01,42.18979307,-118.3348909,,RandomGRTS,621,103,116.3,7.53,15.2,14.55,,,,,,,
PR-SS-11743,Mud Creek,9/16/2023 10:25,44.58577374,-120.2083605,,RandomGRTS,116,38,295.3,7.81,11.3,15.28,,38.6,51.4,,,,
AR-LS-1254,Little Blitzen River,7/24/2023 8:58,42.66393005,-118.7511889,,RandomGRTS,77,17,54,7.57,12.8,14.4,,27.1,27.6,,,,
MF-SS-1130,Doolittle Creek,7/7/2023 11:15,42.16096858,-118.094033,,RandomGRTS,236,67,146.1,7.22,9.7,12.54,,69.1,76.5,,,,
MO-LS-1041,Duck Creek,8/17/2023 9:40,43.16562478,-118.1616392,,RandomGRTS,896,42,96.3,7.55,16.2,15.25,,26.7,30,,,,
PR-LS-11215,White River,8/18/2023 11:32,45.14564315,-121.3401282,,RandomGRTS,34,121,80.8,7.86,15.1,14.39,,19.5,20,,,,
MO-SS-1111,Bendire Creek,6/24/2023 9:36,44.0540317,-118.0790105,,RandomGRTS,201,71,153.2,7.37,20.5,16.18,,85.2,87.6,,,,
PR-LS-13679,South Fork John Day River,9/16/2023 12:59,44.13652637,-119.4939455,,Targeted,143,12,685,8.16,13.8,17.23,,2.1,2.1,,,,
PC-TR-33428,South Fork John Day River,8/21/2023 10:15,44.20243718,-119.5302241,,Targeted,155,10,563,8.29,15.1,17.12,,7.4,8.9,,,,
MO-RV-1026,North Fork Malheur River,10/12/2023 10:15,43.80284829,-118.1574009,,RandomGRTS,364,139,198.5,8.02,8.5,19.91,,1.9,2.9,,,,
PC-TR-79549,Thirtymile Creek,9/4/2023 11:08,45.1641699,-120.4625026,,Targeted,293,101,262.4,7.6,13.3,19.18,,2.9,3.3,,,,
AR-RV-1242,Donner Und Blitzen River,8/6/2023 15:27,42.65351506,-118.7869218,,RandomGRTS,135,40,86.2,7.73,16.1,14.95,,27.7,27.7,,,,
VM-TR-28714,Succor Creek,7/20/2023 9:07,43.507819,-117.120512,,Targeted,808,471,349.3,8.19,20.1,16.65,,13.3,13.8,,,,
PWS-SR-25567,North Fork Crooked River,8/31/2023 12:16,44.18308086,-120.156151,,Targeted,158,11,152.1,8.42,17.8,18.02,,0,0,,,,
PC-TR-69016,South Fork John Day River,6/11/2023 9:52,44.38089453,-119.5434055,,Targeted,141,35,372.5,8.1,15.1,18.21,,9.5,9.9,,,,
PR-TR-010,South Fork Crooked River,7/21/2023 12:23,44.0203913,-120.0139615,,Targeted,614,122,589,8.31,22.9,18.45,,10.5,14.3,,,,
PC-TR-70854,South Fork John Day River,8/6/2023 9:23,44.23793933,-119.5301475,,Targeted,166,13,474,8.35,15.5,17.56,,13.9,14.8,,,,
PC-TR-78368,Thirtymile Creek,8/16/2023 15:46,45.16186242,-120.4670887,,Targeted,290,102,268.6,7.97,13.6,19.18,,2.9,2.9,,,,
PWS-SR-62687,North Fork Crooked River,9/2/2023 9:42,44.25319628,-120.1063761,,Targeted,70,5,140.6,8.04,15.5,18.03,,0,0,,,,
PC-TR-59581,,6/9/2023 11:00,44.27714264,-119.5418973,,Targeted,118,37,503,8.56,14.7,17.8,,12.4,14.3,,,,
PWS-SR-76158,South Fork John Day River,6/9/2023 11:26,44.41203155,-119.5430825,,Targeted,207,41,362.3,8.27,16.1,18.65,,9.1,9.1,,,,
PWS-SR-29663,North Fork Crooked River,7/23/2023 9:55,44.13639,-120.223978,,Targeted,161,20,190.6,7.96,19.7,19.37,,0,0.5,,,,
PR-LS-16031,South Fork John Day River,9/5/2023 12:32,44.31787229,-119.556432,,Targeted,172,28,434,8.29,14.2,18.58,,6.2,11,,,,
BR-RV-1132,Grande Ronde River,10/12/2023 11:23,45.94560029,-117.4472905,,RandomGRTS,96,30,115.8,8.09,10.7,20.3,,3.8,3.8,,,,
PR-LS-12367,White River,9/14/2023 10:50,45.21377614,-121.2014794,,Targeted,22,141,95.7,7.34,12.8,15.48,,21.3,21.3,,,,
AR-RV-1283,Donner Und Blitzen River,7/23/2023 10:20,42.7927219,-118.871799,,Targeted,86,19,68.8,7.9,17.4,17.08,,3.3,3.3,,,,
MO-LS-1048,,6/12/2023 12:33,44.10920983,-117.2374701,,RandomGRTS,2053,774,54,7.54,21.4,,,100,100,,,,
PC-TR-17910,John Day River,7/8/2023 9:04,44.74852438,-120.2495681,,Targeted,152,25,220.5,8.21,24,22.65,,7.3,7.9,,,,
PC-TR-76638,South Fork John Day River,6/12/2023 15:30,44.30777036,-119.539806,,Targeted,179,51,447.9,8.34,19.5,16.21,,31.1,32.1,,,,
PR-RV-12799,John Day River,9/2/2023 10:31,45.12799119,-120.4643336,,RandomGRTS,228,24,274.4,8.32,19.9,22.01,,4.3,5.9,,,,
AR-RV-1243,,7/24/2023 9:24,42.78874319,-118.8674477,,Targeted,104,27,69.3,7.78,16.5,16.89,,2.9,2.9,,,,
PC-TR-72140,South Fork John Day River,8/20/2023 16:08,44.2566759,-119.5387813,,Targeted,100,18,470,8.04,16.1,17.69,,14.8,15.7,,,,
PR-TR-011,South Fork Crooked River,6/13/2023 11:13,43.996327,-120.031648,,Targeted,530,96,666,7.74,20,17.83,,25.8,29.7,,,,
PC-TR-99758,John Day River,6/23/2023 9:36,45.24523951,-120.5516599,,Targeted,110,22,193.2,8.35,19.8,21.58,,,,,,,
PC-TR-49161,John Day River,6/25/2023 15:22,45.33152392,-120.5321481,,Targeted,125,19,199.9,8.59,25,21.32,,8.7,10.3,,,,
MR-RV-1172,Owyhee River,10/16/2023 10:54,43.06316286,-117.6891946,,RandomGRTS,474,12,327.9,8.74,16.6,21.03,,12.9,12.9,,,,
PR-RV-12991,John Day River,7/6/2023 13:04,44.77157339,-120.0702629,,RandomGRTS,164,10,208,8.56,24.3,22.97,,15.8,15.8,,,,
PR-RV-11039,Crooked River,6/26/2023 11:34,44.11022991,-120.7943931,,RandomGRTS,397,85,109,7.2,9.8,15.02,,9.8,10.4,,,,
PR-TR-012,South Fork Crooked River,6/12/2023 9:39,43.96911094,-120.0443331,,Targeted,468,82,669,8.12,17.1,17.83,,23.8,29.6,,,,
PR-RV-10239,John Day River,7/10/2023 15:13,44.81306083,-120.3770712,,Targeted,104,21,235.5,8.51,26.6,22.23,,,,,,,
PC-TR-47910,John Day River,8/31/2023 10:07,45.04686656,-120.4896378,,Targeted,240,29,272.7,8.26,21.2,21.9,,,,,,,
MR-LS-1181,West Little Owyhee River,8/18/2023 15:09,42.13487728,-117.3135659,,RandomGRTS,416,71,174.4,6.78,18.6,16.29,,36,36,,,,
AF-LS-1205,VAN HORN CREEK,10/19/2019,42.063704,-118.670968,,RandomGRTS,122.5,24.4,127,8.39,6.6,,,31.8,37.3,,,,
AFR-SS-1290,WILDHORSE CREEK,9/9/2019,42.625316,-118.58625,,RandomGRTS,51,2.1,21.7,8.46,10.8,5.55,,0.9,0.9,,,,
AF-SS-1204,DENIO CREEK,7/26/2019,42.048381,-118.698638,,RandomGRTS,124.1,13.3,280.2,7.13,15.4,13.48,,43.7,57.4,,,,
AO-LS-1136,LITTLE WILLOW CREEK,8/24/2019,42.167825,-118.681013,,RandomGRTS,149.5,28.6,351,8.45,19.06,15.23,,61.9,67.1,,,,
AO-LS-1137,MCCOY CREEK,8/24/2019,42.941786,-118.660733,,RandomGRTS,234.5,13.7,110.6,8.32,14.6,15.79,,20.9,20.9,,,,
AO-LS-1150,MUD CREEK,8/27/2019,42.81606,-118.818065,,RandomGRTS,96.4,22.3,140,8.73,14.02,15.23,,20.5,22.6,,,,
AO-LS-1192,Stonehouse Creek,7/27/2019,42.078483,-118.737096,,RandomGRTS,138.7,34.7,117.7,7.6,15.3,13.67,,24.7,28.9,,,,
AO-SS-1113,DEEP CREEK,8/13/2019,42.859232,-118.467173,,RandomGRTS,424.1,31.1,98.2,7.28,7.4,11.06,,18.3,20.2,,,,
AO-SS-1140,EAST CREEK,10/18/2019,42.064135,-118.716044,,RandomGRTS,95.4,34.4,114.5,8.41,7.6,11.33,,41.3,54.7,,,,
AO-SS-1146,Dingle Creek,8/22/2019,42.756447,-118.606631,,RandomGRTS,178.2,40.5,57.3,7.36,14.3,7.96,,,,,,,
AR-LS-1229,DONNER UND BLITZEN RIVER,8/23/2019,42.568933,-118.741531,,RandomGRTS,370.8,26.5,98,8.85,11.71,13.11,,23.2,24.8,,,,
AR-LS-1233,SOUTH ANKLE CREEK,9/21/2019,42.593093,-118.649079,,RandomGRTS,143.5,11.6,104.4,8.27,8.7,11.82,,20,21.3,,,,
AR-LS-1234,LITTLE BLITZEN RIVER,8/22/2019,42.666791,-118.732024,,RandomGRTS,59.9,7.5,83,7.65,13.21,13.07,,9.8,11.8,,,,
AR-LS-1246,INDIAN CREEK,10/19/2019,42.645982,-118.708929,,RandomGRTS,108.4,16.7,78.2,7.98,4.4,13.26,,12.4,13.3,,,,
AR-SS-1230,,9/10/2019,42.625401,-118.581467,,RandomGRTS,39.6,3.3,29,7.45,7.4,5.55,,1.1,4.2,,,,
AR-SS-1245,MUD CREEK,9/22/2019,42.608632,-118.705401,,RandomGRTS,151.2,21.7,89.7,8.33,7.7,12.95,,63.8,72.4,,,,
BA-TR-1000,KIGER CREEK,9/24/2019,42.865428,-118.559609,,Targeted,94,16.1,112.8,8.49,12.4,13.54,,15.7,18.8,,,,
BA-TR-1058,BONE CREEK,7/25/2019,42.405669,-118.66623,,Targeted,117.7,57.3,383.9,8.12,15.3,15.82,,73.3,75,,,,
BA-TR-1212,LITTLE TROUT CREEK,7/30/2019,42.166917,-118.306668,,Targeted,852,126.5,124.8,8.05,15.6,13.96,,25.3,29.6,,,,
BA-TR-1255,HOME CREEK,9/19/2019,42.549515,-118.880953,,Targeted,191.7,16.9,78.4,8.57,12.3,13.09,,41.4,46.2,,,,
BA-TR-1314,HOME CREEK,9/20/2019,42.545464,-118.861275,,Targeted,160.8,15.9,84.5,8.83,9.8,13.03,,33.3,38.6,,,,
BA-TR-1342,LITTLE STONEHOUSE,8/27/2019,42.872927,-118.406356,,Targeted,119.5,33.3,153.9,7.98,14.8,,,42.4,45.9,,,,
BA-TR-1434,BIG TROUT CREEK,8/26/2019,42.014899,-118.252491,,Targeted,429.7,17.9,62,8.27,18.81,12.02,,17.3,18.2,,,,
BA-TR-1458,CARLSON CREEK,7/28/2019,42.426616,-118.663721,,Targeted,120.7,40.7,48.8,8.01,17.5,,,,,,,,
BT-LS-1006,ALDER CREEK,9/10/2019,43.442187,-118.462565,,RandomGRTS,137.2,39,210,7.52,11.08,15.31,,20.5,22,,,,
BT-RV-1003,MALHEUR RIVER,8/11/2019,43.699945,-118.276108,,RandomGRTS,644,305.8,410.2,8.38,18.9,17.47,,24.1,24.1,,,,
BT-RV-1029,RIDDLE CREEK,8/13/2019,43.114879,-118.609264,,RandomGRTS,523.3,114.6,195.8,7.34,17.5,17.8,,100,100,,,,
BT-SS-1043,YANK CREEK,8/25/2019,42.917941,-118.539014,,RandomGRTS,454.9,35.2,117.3,8.21,13.4,12.14,,28.9,35.9,,,,
BT-SS-1047,COYOTE CREEK,9/19/2019,42.968348,-118.43976,,RandomGRTS,376.8,78.8,46.2,7.96,9,12.81,,70,79.5,,,,
BT-SS-1103,SMYTH CREEK,7/13/2019,42.976234,-118.520683,,RandomGRTS,231,28,114.4,7.92,15.5,12.8,,,,,,,
BT-SS-1355,FROG CREEK,8/26/2019,43.000154,-118.530705,,RandomGRTS,243.9,69.1,127.3,8.01,11.7,13.92,,41.9,47.6,,,,
BT-TR-1013,STINKINGWATER CREEK,6/26/2019,43.787957,-118.430644,,Targeted,569,45.9,684,8.68,20.8,20.74,,44.5,46,,,,
BT-TR-1026,LITTLE CRANE,9/9/2019,43.512989,-118.430757,,Targeted,854.4,37.7,591,8.28,9.75,15.47,,98,98,,,,
BT-TR-1098,RIDDLE CREEK,7/14/2019,42.971708,-118.476141,,Targeted,336.6,59.9,128.4,6.7,13.7,14.19,,45.7,48.1,,,,
BT-TR-1150,PONY MOORE,7/15/2019,42.977568,-118.474788,,Targeted,807.6,63.2,122.6,,11.7,13.13,,18,26,,,,
BT-TR-1162,SMYTH CREEK EXCLOSURE,7/16/2019,43.00008,-118.53457,,Targeted,342.9,37.3,166.6,7.62,14,14.47,,15.4,18.5,,,,
BT-TR-1246,PAUL CREEK,8/12/2019,43.076868,-118.478312,,Targeted,200.4,18.9,127.6,8.21,14.5,17,,25.5,32,,,,
BT-TR-1330,NICHOL CREEK,8/9/2019,43.684676,-119.676205,,Targeted,218.5,39.7,186.6,7.48,17.2,16.49,,47.5,49.2,,,,
BT-TR-1365,LITTLE STINKINGWATER,10/3/2019,43.595205,-118.366801,,Targeted,69.3,10.7,126.9,8.16,11.4,16.52,,5,14,,,,
BT-TR-1368,UPPER ALDER CREEK,9/8/2019,43.467047,-118.459579,,Targeted,35.6,17,169,8.1,13.75,15.29,,,,,,,
BT-TR-1410,CLEAR CREEK,10/7/2019,43.648431,-118.500472,,Targeted,87.3,61.4,234,8.12,4.7,17.65,1.2,6.7,7.6,,,,
BT-TR-1475,COLEMAN CREEK,9/7/2019,43.527319,-118.383348,,Targeted,68,26.3,158,8.14,16.4,15.98,,18,21.6,,,,
BT-TR-1490,,10/4/2019,42.966684,-118.362895,,Targeted,129.5,36,69,8.91,6.9,12.67,,16.4,17.3,,,,
BT-TR-1497,SILVER CREEK,9/8/2019,43.663885,-119.670935,,Targeted,258.4,30.3,129.8,7.93,17.9,16.75,,15.1,19.3,,,,
LL-LS-1000,CAMAS CREEK,8/26/2019,42.219306,-120.097581,,RandomGRTS,222.1,68.4,105.7,7.86,16.3,17.34,,14.5,17.3,,,,
LL-LS-1025,HORSE CREEK,9/5/2019,42.22505,-120.02494,,RandomGRTS,136.8,34.3,89,8.05,16.2,16.05,,15.5,25,,,,
LL-LS-1026,HORSE CREEK,8/22/2019,42.012974,-119.942121,,RandomGRTS,285,10.2,101.1,7.88,16.5,18.26,,15.2,19,,,,
LL-LS-1036,FIFTEENMILE CREEK,8/25/2019,42.003547,-120.022582,,RandomGRTS,105.7,15.7,166.3,7.9,12.2,16.14,,24.8,33.3,,,,
LL-LS-1045,CAMAS CREEK,8/27/2019,42.195251,-120.069939,,RandomGRTS,234.7,51.2,104.9,7.7,14.2,18.2,,22.4,27.6,,,,
LL-LS-1047,BRIDGE CREEK,10/5/2019,43.063553,-121.167604,,RandomGRTS,37.7,10,38.8,7.69,3.1,12.89,,28.3,30,,,,
LL-LS-1048,FIFTEENMILE CREEK,10/8/2019,42.018608,-120.043637,,RandomGRTS,279.9,15.2,168.6,8.42,8.1,15.93,,23.2,24.7,,,,
LL-LS-1050,CAMAS CREEK,10/6/2019,42.191381,-120.044669,,RandomGRTS,179.8,45.5,100.6,8.31,4.4,17.63,,7.7,7.7,,,,
LL-RV-1002,FIFTEENMILE CREEK,9/9/2019,42.1894,-120.00597,,RandomGRTS,234.8,26.1,122.7,8.87,18.3,18,,1.7,5,,,,
LL-RV-1034,DEEP CREEK,9/22/2019,42.17178,-120.050275,,RandomGRTS,250.7,20.4,105,8.48,10.1,18.35,,5.8,10.8,,,,
LL-RV-1035,HONEY CREEK,9/21/2019,42.43082,-119.961385,,RandomGRTS,350.3,26.2,213.1,9.03,9.1,18.08,,14.3,17.4,,,,
LL-SS-1029,PARSNIP CREEK,8/13/2019,42.214445,-120.059684,,RandomGRTS,201.5,55.3,110,7.48,13.8,16.32,,52.2,62.8,,,,
LL-SS-1038,,8/23/2019,42.002945,-119.930066,,RandomGRTS,228.8,11.9,153.3,7.59,13.5,17.57,,72.6,77.4,,,,
LL-SS-1041,,9/19/2019,42.206498,-120.027801,,RandomGRTS,240.4,40.2,118.8,7.62,9.8,16.72,,,,,,,
LL-SS-1042,,9/19/2019,42.441145,-119.331445,,RandomGRTS,275.5,18.7,83.4,8.01,7.4,15.49,,21,35.7,,,,
LL-SS-1052,HONEY CREEK,9/8/2019,43.02494,-120.66541,,RandomGRTS,223,25.8,166.7,7.81,14.7,,,100,100,,,,
LL-SS-1067,,9/23/2019,42.473913,-120.176765,,RandomGRTS,142,17.6,92.8,8.25,9.4,13.11,,35.7,40.5,,,,
MF-LS-1116,INDIAN CREEK,7/25/2019,42.042848,-117.965698,,RandomGRTS,75.9,37.1,107.5,6.79,11.9,16.19,2,42.4,44.3,,,,
MF-SS-1118,COTTONWOOD CREEK,7/27/2019,42.201409,-118.043336,,RandomGRTS,115.5,48.5,101.4,6.89,10.6,13.28,1.67,14.8,17.6,,,,
MO-LS-1000,PHIPPS CREEK,6/30/2019,44.243428,-117.471837,,RandomGRTS,258.5,20.5,431.1,8.51,17.3,17.86,3.13,61,63.8,,,,
MO-LS-1001,OREGON CANYON CREEK,8/25/2019,42.203249,-117.990037,,RandomGRTS,156.2,34.5,99.5,7.43,14.6,14.54,2.87,9,9.5,,,,
MO-LS-1003,COTTONWOOD CREEK,7/11/2019,43.602108,-117.847675,,RandomGRTS,98.7,19.5,192.5,7.52,20.5,17.07,1.67,18.8,22.1,,,,
MO-RV-1005,BIG ANTELOPE CREEK,8/22/2019,42.449321,-117.337684,,RandomGRTS,218.5,15.9,405.7,7.95,18.5,17.94,1.77,30,32.9,,,,
MO-SS-1004,SAGE CREEK,10/5/2019,42.005341,-118.215727,,RandomGRTS,307.5,46.5,66.8,7.7,5.4,7.78,,26.4,41.8,,,,
MO-SS-1069,DRY CREEK,8/27/2019,42.309219,-118.026125,,RandomGRTS,1444.8,24.4,235.5,6.63,11,13.96,1.13,55.6,57.5,,,,
MR-LS-1173,WEST LITTLE OWYHEE,9/7/2019,42.138151,-117.308502,,RandomGRTS,432.8,34,222.2,7.47,17,16.44,6.73,16.3,18.3,,,,
VM-TR-1071,WEST LITTLE OWYHEE RIVER,8/24/2019,42.084195,-117.450555,,Targeted,169.9,20.5,91.2,6.76,15,15.05,5.83,12.6,13.9,,,,
VM-TR-1145,KEENEY CREEK,9/8/2019,43.708425,-117.614233,,Targeted,347.6,15.5,353.5,8.01,17.4,17.67,1.83,47.1,50,,,,
VM-TR-1154,DOG CREEK,7/15/2019,43.217997,-117.089269,,Targeted,289.4,102.8,324.6,8.88,20.5,16.87,0.67,16.2,16.7,,,,
VM-TR-1243,JORDAN CREEK,7/30/2019,42.88898,-117.590579,,Targeted,1094.7,228.5,390.4,7.98,21.3,20.75,9.87,22.7,23.6,,,,
VM-TR-1295,SOUTH FORK CARTER CREEK,7/14/2019,43.255726,-117.166372,,Targeted,179.8,61,71.1,7.68,15.2,16.6,10.17,0,0.9,,,,
VM-TR-1324,BIRCH CREEK,9/5/2019,43.19861,-117.497027,,Targeted,134.5,31.9,486,8.11,22.2,18.18,6.57,55.5,55.5,,,,
XN-LS-4007,Coyote Creek,7/4/2015,42.986862,-118.460012,,RandomGRTS,567.8,139.2,182.3,4.68,17.2,13.75,,22.1,27.9,,,,
XN-LS-4027,West Little Owyhee River,8/3/2014,42.173871,-117.274488,,RandomGRTS,215,17.1,329.2,7.15,17.6,16.8,,9.6,13,,,,
XN-RM-4071,Owyhee River,7/21/2014,42.79151,-117.589245,,RandomGRTS,415,16,,,,22.35,,,,,,,
XN-RO-4084,Dry Creek,9/3/2013,43.5217,-117.6617,,RandomGRTS,797,27.7,303,7.68,18.5,16.87,,6.7,,,,,
XN-SS-4114,Wildhorse Creek,7/3/2015,42.548226,-118.607912,,RandomGRTS,71.6,8.5,68.1,7.77,17.8,13.39,,9.5,12.4,,,,
XN-SS-4114,WILD HORSE CREEK,10/18/2019,42.548452,-118.60756,,RandomGRTS,63.3,32,98.7,8.47,4.3,13.39,,9.5,10.5,,,,
XN-SS-4116,WILLOW CREEK,9/6/2019,42.151302,-118.223036,,RandomGRTS,381.3,174.2,88.7,7.73,15.7,11.69,,83.8,92.5,,,,
XN-SS-4118,,9/7/2019,42.318574,-119.982845,,RandomGRTS,495.7,16.2,171,7.7,18.7,15.7,,48.6,49,,,,
XN-SS-4130,Mud Creek,9/21/2013,42.793,-118.7646,,RandomGRTS,141.5,12.9,104.3,7.87,11.4,12.91,,11.4,,,,,
XN-SS-4136,Big Trout Creek,8/5/2015,42.149455,-118.330753,,RandomGRTS,213,235,140,7.41,21.9,16.11,,45.9,51.4,,,,
XN-SS-4146,Coyote Creek,7/4/2015,42.960912,-118.439796,,RandomGRTS,6761.6,687.9,237.8,7.11,23,12.71,,97.6,97.6,,,,
XN-SS-4164,Threemile Creek,9/10/2015,42.519078,-118.902331,,RandomGRTS,994.8,70.8,86.6,6.55,10.3,11.58,,2.1,4.6,,,,
VM-TR-28713,Cherokee Creek (lower),6/27/2022 13:28,42.02491002,-118.028348,,Targeted,175,109,208.9,6.57,14.4,16.65,,93.8,95.7,,,,
VM-TR-52591,Payne Creek (lower),6/26/2022 8:58,42.01467,-118.03825,,Targeted,1845,651,278.9,7.12,8.7,16.93,,61.9,66.7,,,,
AO-SS-1160,Van Horn Creek,6/26/2022 9:40,42.04698557,-118.6261424,,RandomGRTS,279,19,274.3,8.18,11.1,,,36,45,,,,
LL-LS-1020,Twelvemile Creek,6/25/2022 15:45,41.997592,-120.0129682,,RandomGRTS,165,38,82.3,7.49,21.7,18.04,,7.3,11.3,,,,
LL-LS-1023,Fish Creek,6/28/2022 12:35,42.36450216,-119.9678692,,RandomGRTS,2199,180,132.2,8.92,24,16.38,,61,68.6,,,,
MF-RV-1124,McDermitt Creek,7/7/2022 17:21,42.00332028,-117.9766478,,RandomGRTS,218,129,328.6,7.85,22.7,18.42,,17.1,17.1,,,,
MF-LS-1123,North Fork McDermitt Creek,7/9/2022 16:52,42.07278713,-118.1827587,,RandomGRTS,354,107,61.8,6.82,15.6,11.69,,20.5,23.3,,,,
VM-TR-48419,Mine Creek (lower),7/7/2022 18:27,42.02567035,-118.0310728,,Targeted,327,208,269.2,6.88,16.4,16.91,,90.5,93.8,,,,
VM-TR-49286,Payne Creek (upper),7/10/2022 8:57,42.06424177,-118.0981127,,Targeted,491,319,180,6.85,14.1,15.37,,52.3,63.2,,,,
VM-TR-30922,West Mine Creek,7/11/2022 15:41,42.07215435,-118.0538384,,Targeted,358,86,165.5,7.35,12.8,15.36,,37.1,44.8,,,,
AO-LS-1115,Oliver Creek,7/8/2022 18:39,42.1040013,-118.5995779,,RandomGRTS,232,56,275,7.31,14,,,22.1,32.7,,,,
AF-LS-1208,Denio Creek,7/11/2022 10:15,42.02254735,-118.6798536,,RandomGRTS,170,26,181.5,8.45,15,15.04,,9.6,23.9,,,,
VM-TR-54006,McDermitt Creek (lower),7/22/2022 14:13,42.00291087,-118.011347,,Targeted,287,134,336.9,8.44,22.7,18.25,,33.3,33.8,,,,
VM-TR-53722,McDermitt Creek (upper),7/24/2022 9:57,42.03005392,-118.1275262,,Targeted,760,137,70.7,6.74,12.4,14.19,,20.6,29.2,,,,
MO-SS-1020,,7/21/2022 9:16,42.13340024,-118.2594918,,RandomGRTS,976,112,98.5,7.3,10.9,10.94,,29,36.2,,,,
MF-LS-1125,Little Whitehorse Creek,7/22/2022 16:23,42.22992021,-118.1893669,,RandomGRTS,742,173,268.4,7.91,22,15.39,,70,77.3,,,,
MF-SS-1126,Whitehorse Creek,7/24/2022 10:46,42.12925712,-118.0103043,,RandomGRTS,333,74,67.9,7.18,13.3,11.53,,,,,,,
MF-SS-1119,Cottonwood Creek,7/25/2022 10:31,42.18157128,-118.0141699,,RandomGRTS,186,31,78.3,7.31,9.5,12.92,,10.5,25.7,,,,
AO-SS-1125,Krumbo Creek,7/20/2022 16:38,42.91549891,-118.7433737,,RandomGRTS,1087,32,118,7.82,18.1,14.28,,17.6,22.4,,,,
AO-SS-1130,Dingle Creek,7/22/2022 16:31,42.75840617,-118.6170971,,RandomGRTS,133,26,62.3,7.96,15.7,7.96,,4.8,9.5,,,,
AO-LS-1118,Mud Creek,7/25/2022 11:26,42.79555917,-118.7691774,,RandomGRTS,150,45,94.7,7.89,13.4,12.91,,12.2,20,,,,
LL-RV-1015,Buck Creek,7/20/2022 15:23,43.14143889,-121.1257956,,RandomGRTS,121,76,44,6.22,20.6,15.78,,44.5,44.5,,,,
AO-SS-1124,Van Horn Creek,8/4/2022 12:01,42.07982179,-118.6853851,,RandomGRTS,284,138,99,7.64,13.6,,,37.1,48.1,,,,
AFR-LS-1289,Wildhorse Creek,8/6/2022 14:55,42.568257,-118.604343,,RandomGRTS,72,24,79,8.19,17.8,12.04,,3.3,7.1,,,,
BT-SS-1391,,8/8/2022 12:52,42.97385246,-118.4363165,,RandomGRTS,311,97,104.8,7.95,20,12.75,,30.9,34.1,,,,
VM-TR-30579,East Mine Creek,8/3/2022 18:36,42.06850245,-118.048097,,Targeted,220,93,107.7,7.57,15.6,15.32,,32.9,45.7,,,,
AO-LS-1197,Big Trout Creek,8/5/2022 10:57,42.03712004,-118.293309,,Targeted,611,240,93.2,7.37,16.8,10.84,,11.4,19.5,,,,
AF-LS-1223,Pike Creek,8/7/2022 11:24,42.58634893,-118.5556034,,Targeted,71,19,97.7,7.45,17.7,,,17.6,25.2,,,,
AR-LS-1238,Indian Creek,8/18/2022 10:12,42.6514204,-118.6914919,,RandomGRTS,115,41,78.4,8.37,12.7,12.82,,15.7,21.4,,,,
AR-SS-1237,Mud Creek,8/20/2022 9:33,42.61849014,-118.6926282,,RandomGRTS,119,43,104,8.44,14.6,12.85,,18.6,29,,,,
AR-RV-1231,Donner und Blitzen River,8/21/2022 11:06,42.62236964,-118.7473855,,RandomGRTS,376,51,89.2,8.44,13.8,13.53,,4.3,7.1,,,,
LL-LS-1031,Buck Creek,8/20/2022 15:25,43.09401536,-121.2118522,,RandomGRTS,336,264,48.1,8.3,19.5,13.86,,20.5,21.9,,,,
LL-LS-1018,Camas Creek,8/22/2022 14:25,42.192006,-120.050014,,RandomGRTS,346,111,123.9,7.88,16.8,17.95,,10.1,15.4,,,,
AR-SS-1241,Ankle Creek,8/23/2022 10:07,42.612443,-118.653329,,RandomGRTS,76,34,64.5,7.82,10.3,9.73,,34.4,40.2,,,,
MO-RV-1022,Malheur River,9/5/2022 11:06,43.66182227,-118.0768952,,RandomGRTS,725,95,490,8.63,17.8,20.57,,11.4,13.3,,,,
LL-LS-1057,Drake Creek,9/3/2022 12:24,42.22020879,-120.0271907,,RandomGRTS,321,84,98.9,8.39,15.7,16.5,,6.8,9.1,,,,
LL-LS-1066,Twelvemile Creek,9/4/2022 11:45,41.99910314,-120.0106325,,RandomGRTS,120,39,151.4,8.49,15.7,18.29,,6.5,9.1,,,,
LL-LS-1010,Twelvemile Creek,8/5/2022 10:44,42.0075406,-119.9583226,,RandomGRTS,189,26,176.9,7.22,21.5,19.69,,0.5,1.4,,,,
MR-SS-1186,,9/15/2022 5:58,42.79552538,-117.6017166,,RandomGRTS,360,43,521,8.11,14,22.44,,73.3,80.5,,,,
MO-LS-1021,Tenmile Creek,9/17/2022 14:22,42.1873801,-117.6522254,,RandomGRTS,263,57,203.3,9.38,21.3,15.41,,32.2,35.7,,,,
LL-RV-1019,Honey Creek,9/17/2022 10:46,42.43014564,-119.9534723,,RandomGRTS,228,32,115.1,8.48,13.5,18.08,,2.9,14.3,,,,
BT-RV-1009,Silver Creek,9/18/2022 11:53,43.68087349,-119.6679408,,RandomGRTS,284,49,121.6,9.28,13,16.21,,0,2.4,,,,
AF-SS-1209,Little McCoy Creek,9/28/2022 15:49,42.70774305,-118.4909132,,RandomGRTS,373,190,43.3,8.04,13.3,14.21,,5,10.5,,,,
AO-LS-1121,Big Trout Creek,9/30/2022 11:42,42.06341689,-118.3022944,,RandomGRTS,183,48,108.4,8.13,7.1,12.05,,4.3,9.5,,,,
BT-SS-1415,,10/2/2022 14:34,43.53635171,-118.3920055,,RandomGRTS,276,81,108.6,7.83,15.5,15.66,,39,41.9,,,,
BT-TR-12070,Buck Creek,10/1/2022 14:22,43.47649675,-118.2316051,,Targeted,571,135,213.5,7.74,21.4,17.48,,86.2,86.2,,,,
BT-TR-12641,Stockade Creek,10/2/2022 15:33,43.53918104,-118.3215839,,Targeted,312,123,190.4,7.44,15.8,16.46,,60.5,63.8,,,,
BT-TR-17709,Stockade Creek,10/3/2022 12:30,43.54263113,-118.3094497,,Targeted,287,63,114.7,7.28,13.1,17.09,,45.7,46.5,,,,
AR-LS-1249,Ankle Creek,10/15/2022 11:34,42.57784624,-118.7070523,,RandomGRTS,100,12,86.5,8.69,7.6,12.36,,3.6,5,,,,
BT-LS-1031,Riddle Creek,10/17/2022 10:46,42.990113,-118.4810761,,RandomGRTS,245,48,103.3,7.87,4.9,14.12,,15,15.5,,,,
AR-LS-1236,Little Blitzen River,10/14/2022 10:50,42.69152592,-118.6511099,,RandomGRTS,38,15,31.3,7.74,5.8,10.79,,15.7,16.7,,,,
AF-SS-1215,Pike Creek,10/18/2022 11:47,42.59218675,-118.5741207,,RandomGRTS,93,67,59.7,6.15,9,,,33.8,35.7,,,,
